Workbook

Sheet check
A3: Row Labels | B3: Sum of Sum of Total affected | C3: Sum of Sum of Total Damage | H3: Old Total Affected | I3: Diff
A4: Afghanistan | B4: 30972654 | C4: 170050 | H4: =SUMIFS(old_data!E:E, old_data!$B:$B, $A4) -> 32547990 | I4: =B4 - H4 -> -1575336 | J4: =(B4 / H4) - 1 -> -0.048400408
A5: Algeria | B5: 479268 | C5: 6480017 | H5: =SUMIFS(old_data!E:E, old_data!$B:$B, $A5) -> 465815 | I5: =B5 - H5 -> 13453 | J5: =(B5 / H5) - 1 -> 0.028880564
A6: Angola | B6: 8906940 | C6: 2000 | H6: =SUMIFS(old_data!E:E, old_data!$B:$B, $A6) -> 6159496 | I6: =B6 - H6 -> 2747444 | J6: =(B6 / H6) - 1 -> 0.44605013
A7: Azerbaijan | B7: 128999 | C7: 55000 | H7: =SUMIFS(old_data!E:E, old_data!$B:$B, $A7) -> 132293 | I7: =B7 - H7 -> -3294 | J7: =(B7 / H7) - 1 -> -0.024899277
A8: Bangladesh | B8: 145116752 | C8: 10100585 | H8: =SUMIFS(old_data!E:E, old_data!$B:$B, $A8) -> 128914607 | I8: =B8 - H8 -> 16202145 | J8: =(B8 / H8) - 1 -> 0.12568122
A9: Bosnia and Herzegovina | B9: 1676746 | C9: 699580 | H9: =SUMIFS(old_data!E:E, old_data!$B:$B, $A9) -> 1661726 | I9: =B9 - H9 -> 15020 | J9: =(B9 / H9) - 1 -> 0.0090387946
A10: Bulgaria | B10: 76192 | C10: 1447200 | H10: =SUMIFS(old_data!E:E, old_data!$B:$B, $A10) -> 72156 | I10: =B10 - H10 -> 4036 | J10: =(B10 / H10) - 1 -> 0.055934364
A11: Costa Rica | B11: 2352664 | C11: 578980 | H11: =SUMIFS(old_data!E:E, old_data!$B:$B, $A11) -> 1250578 | I11: =B11 - H11 -> 1102086 | J11: =(B11 / H11) - 1 -> 0.8812613
A12: Djibouti | B12: 1510176 | C12: 0 | H12: =SUMIFS(old_data!E:E, old_data!$B:$B, $A12) -> 1410176 | I12: =B12 - H12 -> 100000 | J12: =(B12 / H12) - 1 -> 0.070913134
A13: El Salvador | B13: 3777912 | C13: 4586600 | H13: =SUMIFS(old_data!E:E, old_data!$B:$B, $A13) -> 3769129 | I13: =B13 - H13 -> 8783 | J13: =(B13 / H13) - 1 -> 0.0023302466
A14: Ethiopia | B14: 80389882 | C14: 2051600 | H14: =SUMIFS(old_data!E:E, old_data!$B:$B, $A14) -> 78738334 | I14: =B14 - H14 -> 1651548 | J14: =(B14 / H14) - 1 -> 0.020975145
A15: Guatemala | B15: 20637649 | C15: 2619132 | H15: =SUMIFS(old_data!E:E, old_data!$B:$B, $A15) -> 15479613 | I15: =B15 - H15 -> 5158036 | J15: =(B15 / H15) - 1 -> 0.33321479
... A40: Yemen | B40: 2219189 | C40: 620000 | H40: =SUMIFS(old_data!E:E, old_data!$B:$B, $A40) -> 962852 | I40: =B40 - H40 -> 1256337 | J40: =(B40 / H40) - 1 -> 1.304808
A41: Grand Total | B41: 1771648220 | C41: 365720202

Sheet emdat_country_occ
A1: id | B1: Country | C1: Year | D1: Type of event | E1: Sum of Total affected | F1: Sum of Total Damage
A2: 2001-0233-AFG | B2: Afghanistan | C2: 2001 | D2: Earthquake | E2: 270 | F2: 0
A3: 2002-0122-AFG | B3: Afghanistan | C3: 2002 | D3: Earthquake | E3: 3513 | F3: 0
A4: 2002-0175-AFG | B4: Afghanistan | C4: 2002 | D4: Earthquake | E4: 91228 | F4: 0
A5: 2002-0208-AFG | B5: Afghanistan | C5: 2002 | D5: Earthquake | E5: 6150 | F5: 0
A6: 2002-0185-AFG | B6: Afghanistan | C6: 2002 | D6: Flood | E6: 120 | F6: 0
A7: 2002-0196-AFG | B7: Afghanistan | C7: 2002 | D7: Flood | E7: 4225 | F7: 0
A8: 2002-0242-AFG | B8: Afghanistan | C8: 2002 | D8: Flood | E8: 1200 | F8: 0
A9: 2002-0613-AFG | B9: Afghanistan | C9: 2002 | D9: Flood | E9: 0 | F9: 0
A10: 2003-0236-AFG | B10: Afghanistan | C10: 2003 | D10: Earthquake | E10: 1001 | F10: 0
A11: 2003-0104-AFG | B11: Afghanistan | C11: 2003 | D11: Flood | E11: 0 | F11: 0
A12: 2003-0143-AFG | B12: Afghanistan | C12: 2003 | D12: Flood | E12: 2000 | F12: 0
A13: 2003-0179-AFG | B13: Afghanistan | C13: 2003 | D13: Flood | E13: 1000 | F13: 0
... A2641: 2024-0845-YEM | B2641: Yemen | C2641: 2024 | D2641: Flood | E2641: 655646 | F2641: 0

Sheet old_data
A1: id | B1: Country | C1: Year | D1: Type of event | E1: Sum of Total affected | F1: Sum of Total Damage
A2: 1 | B2: Afghanistan | C2: 2000 | D2: Drought | E2: 2580000 | F2: 50000
A3: 2 | B3: Bangladesh | C3: 2000 | D3: Flood | E3: 200050 | F3: 0
A4: 3 | B4: Bosnia and Herzegovina | C4: 2000 | D4: Drought | E4: 0 | F4: 158000000
A5: 4 | B5: Bangladesh | C5: 2000 | D5: Cyclone | E5: 71000 | F5: 0
A6: 5 | B6: Angola | C6: 2000 | D6: Flood | E6: 70000 | F6: 10000000
A7: 6 | B7: Angola | C7: 2000 | D7: Flood | E7: 6000 | F7: 0
A8: 7 | B8: Angola | C8: 2000 | D8: Flood | E8: 3000 | F8: 0
A9: 8 | B9: Angola | C9: 2000 | D9: Flood | E9: 11 | F9: 0
A10: 9 | B10: Azerbaijan | C10: 2000 | D10: Earthquake | E10: 3294 | F10: 10000000
A11: 10 | B11: Azerbaijan | C11: 2000 | D11: Drought | E11: 0 | F11: 100000000
A12: 11 | B12: Bangladesh | C12: 2000 | D12: Cyclone | E12: 3050 | F12: 0
A13: 12 | B13: Bangladesh | C13: 2000 | D13: Cyclone | E13: 2537 | F13: 0
... A2914: 2913 | B2914: South Africa | C2914: 2023 | D2914: Flood | E2914: 500 | F2914: 0
