Workbook

Sheet Summary>>>

Sheet GDP
A1: Country | B1: Year | C1: GDP
A2: Afghanistan | B2: 2002 | C2: =INDEX(GDP_WB_Data_202505!$E$6:$BQ$271, MATCH($A2, GDP_WB_Data_202505!$A$6:$A$271, 0 ), MATCH($B2, GDP_WB_Data_202505!$E$5:$BQ$5, 0 ) ) -> 3.8257014e+09
A3: Afghanistan | B3: 2003 | C3: =INDEX(GDP_WB_Data_202505!$E$6:$BQ$271, MATCH($A3, GDP_WB_Data_202505!$A$6:$A$271, 0 ), MATCH($B3, GDP_WB_Data_202505!$E$5:$BQ$5, 0 ) ) -> 4.5209468e+09
A4: Afghanistan | B4: 2004 | C4: =INDEX(GDP_WB_Data_202505!$E$6:$BQ$271, MATCH($A4, GDP_WB_Data_202505!$A$6:$A$271, 0 ), MATCH($B4, GDP_WB_Data_202505!$E$5:$BQ$5, 0 ) ) -> 5.2248967e+09
A5: Afghanistan | B5: 2005 | C5: =INDEX(GDP_WB_Data_202505!$E$6:$BQ$271, MATCH($A5, GDP_WB_Data_202505!$A$6:$A$271, 0 ), MATCH($B5, GDP_WB_Data_202505!$E$5:$BQ$5, 0 ) ) -> 6.2032565e+09
A6: Afghanistan | B6: 2006 | C6: =INDEX(GDP_WB_Data_202505!$E$6:$BQ$271, MATCH($A6, GDP_WB_Data_202505!$A$6:$A$271, 0 ), MATCH($B6, GDP_WB_Data_202505!$E$5:$BQ$5, 0 ) ) -> 6.9717583e+09
A7: Afghanistan | B7: 2007 | C7: =INDEX(GDP_WB_Data_202505!$E$6:$BQ$271, MATCH($A7, GDP_WB_Data_202505!$A$6:$A$271, 0 ), MATCH($B7, GDP_WB_Data_202505!$E$5:$BQ$5, 0 ) ) -> 9.7478862e+09
A8: Afghanistan | B8: 2008 | C8: =INDEX(GDP_WB_Data_202505!$E$6:$BQ$271, MATCH($A8, GDP_WB_Data_202505!$A$6:$A$271, 0 ), MATCH($B8, GDP_WB_Data_202505!$E$5:$BQ$5, 0 ) ) -> 1.0109297e+10
A9: Afghanistan | B9: 2009 | C9: =INDEX(GDP_WB_Data_202505!$E$6:$BQ$271, MATCH($A9, GDP_WB_Data_202505!$A$6:$A$271, 0 ), MATCH($B9, GDP_WB_Data_202505!$E$5:$BQ$5, 0 ) ) -> 1.2416153e+10
A10: Afghanistan | B10: 2010 | C10: =INDEX(GDP_WB_Data_202505!$E$6:$BQ$271, MATCH($A10, GDP_WB_Data_202505!$A$6:$A$271, 0 ), MATCH($B10, GDP_WB_Data_202505!$E$5:$BQ$5, 0 ) ) -> 1.5856669e+10
A11: Afghanistan | B11: 2011 | C11: =INDEX(GDP_WB_Data_202505!$E$6:$BQ$271, MATCH($A11, GDP_WB_Data_202505!$A$6:$A$271, 0 ), MATCH($B11, GDP_WB_Data_202505!$E$5:$BQ$5, 0 ) ) -> 1.7805098e+10
A12: Afghanistan | B12: 2012 | C12: =INDEX(GDP_WB_Data_202505!$E$6:$BQ$271, MATCH($A12, GDP_WB_Data_202505!$A$6:$A$271, 0 ), MATCH($B12, GDP_WB_Data_202505!$E$5:$BQ$5, 0 ) ) -> 1.990733e+10
A13: Afghanistan | B13: 2013 | C13: =INDEX(GDP_WB_Data_202505!$E$6:$BQ$271, MATCH($A13, GDP_WB_Data_202505!$A$6:$A$271, 0 ), MATCH($B13, GDP_WB_Data_202505!$E$5:$BQ$5, 0 ) ) -> 2.0146417e+10
... A943: Yemen | B943: 2024 | C943: =INDEX(GDP_WB_Data_202505!$E$6:$BQ$271, MATCH($A943, GDP_WB_Data_202505!$A$6:$A$271, 0 ), MATCH($B943, GDP_WB_Data_202505!$E$5:$BQ$5, 0 ) ) -> 18810000000

Sheet POP
A1: Country | B1: Year | C1: POP
A2: Afghanistan | B2: 2002 | C2: =INDEX(POP_WB_Data_202505!$E$6:$BQ$271, MATCH($A2, POP_WB_Data_202505!$A$6:$A$271, 0 ), MATCH($B2, POP_WB_Data_202505!$E$5:$BQ$5, 0 ) ) -> 21378117
A3: Afghanistan | B3: 2003 | C3: =INDEX(POP_WB_Data_202505!$E$6:$BQ$271, MATCH($A3, POP_WB_Data_202505!$A$6:$A$271, 0 ), MATCH($B3, POP_WB_Data_202505!$E$5:$BQ$5, 0 ) ) -> 22733049
A4: Afghanistan | B4: 2004 | C4: =INDEX(POP_WB_Data_202505!$E$6:$BQ$271, MATCH($A4, POP_WB_Data_202505!$A$6:$A$271, 0 ), MATCH($B4, POP_WB_Data_202505!$E$5:$BQ$5, 0 ) ) -> 23560654
A5: Afghanistan | B5: 2005 | C5: =INDEX(POP_WB_Data_202505!$E$6:$BQ$271, MATCH($A5, POP_WB_Data_202505!$A$6:$A$271, 0 ), MATCH($B5, POP_WB_Data_202505!$E$5:$BQ$5, 0 ) ) -> 24404567
A6: Afghanistan | B6: 2006 | C6: =INDEX(POP_WB_Data_202505!$E$6:$BQ$271, MATCH($A6, POP_WB_Data_202505!$A$6:$A$271, 0 ), MATCH($B6, POP_WB_Data_202505!$E$5:$BQ$5, 0 ) ) -> 25424094
A7: Afghanistan | B7: 2007 | C7: =INDEX(POP_WB_Data_202505!$E$6:$BQ$271, MATCH($A7, POP_WB_Data_202505!$A$6:$A$271, 0 ), MATCH($B7, POP_WB_Data_202505!$E$5:$BQ$5, 0 ) ) -> 25909852
A8: Afghanistan | B8: 2008 | C8: =INDEX(POP_WB_Data_202505!$E$6:$BQ$271, MATCH($A8, POP_WB_Data_202505!$A$6:$A$271, 0 ), MATCH($B8, POP_WB_Data_202505!$E$5:$BQ$5, 0 ) ) -> 26482622
A9: Afghanistan | B9: 2009 | C9: =INDEX(POP_WB_Data_202505!$E$6:$BQ$271, MATCH($A9, POP_WB_Data_202505!$A$6:$A$271, 0 ), MATCH($B9, POP_WB_Data_202505!$E$5:$BQ$5, 0 ) ) -> 27466101
A10: Afghanistan | B10: 2010 | C10: =INDEX(POP_WB_Data_202505!$E$6:$BQ$271, MATCH($A10, POP_WB_Data_202505!$A$6:$A$271, 0 ), MATCH($B10, POP_WB_Data_202505!$E$5:$BQ$5, 0 ) ) -> 28284089
A11: Afghanistan | B11: 2011 | C11: =INDEX(POP_WB_Data_202505!$E$6:$BQ$271, MATCH($A11, POP_WB_Data_202505!$A$6:$A$271, 0 ), MATCH($B11, POP_WB_Data_202505!$E$5:$BQ$5, 0 ) ) -> 29347708
A12: Afghanistan | B12: 2012 | C12: =INDEX(POP_WB_Data_202505!$E$6:$BQ$271, MATCH($A12, POP_WB_Data_202505!$A$6:$A$271, 0 ), MATCH($B12, POP_WB_Data_202505!$E$5:$BQ$5, 0 ) ) -> 30560034
A13: Afghanistan | B13: 2013 | C13: =INDEX(POP_WB_Data_202505!$E$6:$BQ$271, MATCH($A13, POP_WB_Data_202505!$A$6:$A$271, 0 ), MATCH($B13, POP_WB_Data_202505!$E$5:$BQ$5, 0 ) ) -> 31622704
... A943: Yemen | B943: 2024 | C943: =INDEX(POP_WB_Data_202505!$E$6:$BQ$271, MATCH($A943, POP_WB_Data_202505!$A$6:$A$271, 0 ), MATCH($B943, POP_WB_Data_202505!$E$5:$BQ$5, 0 ) ) -> 39390799

Sheet Data>>>

Sheet POP_WB_Data_202505
A5: Country Name | B5: Country Code | C5: Indicator Name | D5: Indicator Code | E5: 1960 | F5: 1961 | G5: 1962 | H5: 1963 | I5: 1964 | J5: 1965 | K5: 1966 | L5: 1967 | M5: 1968 | N5: 1969 | O5: 1970 | P5: 1971 | Q5: 1972 | R5: 1973 | S5: 1974 | T5: 1975 | U5: 1976 | V5: 1977 | W5: 1978 | X5: 1979 | Y5: 1980 | Z5: 1981 | AA5: 1982 | AB5: 1983 | AC5: 1984 | AD5: 1985 | AE5: 1986 | AF5: 1987 | AG5: 1988 | AH5: 1989 | AI5: 1990 | AJ5: 1991 | AK5: 1992 | AL5: 1993 | AM5: 1994 | AN5: 1995 | AO5: 1996 | AP5: 1997 | AQ5: 1998 | AR5: 1999 | AS5: 2000 | AT5: 2001 | AU5: 2002 | AV5: 2003 | AW5: 2004 | AX5: 2005 | AY5: 2006 | AZ5: 2007 | BA5: 2008 | BB5: 2009 | BC5: 2010 | BD5: 2011 | BE5: 2012 | BF5: 2013 | BG5: 2014 | BH5: 2015 | BI5: 2016 | BJ5: 2017 | BK5: 2018 | BL5: 2019 | BM5: 2020 | BN5: 2021 | BO5: 2022 | BP5: 2023 | BQ5: 2024
A6: Aruba | B6: ABW | C6: Population, total | D6: SP.POP.TOTL | E6: 54922 | F6: 55578 | G6: 56320 | H6: 57002 | I6: 57619 | J6: 58190 | K6: 58694 | L6: 58990 | M6: 59069 | N6: 59052 | O6: 58950 | P6: 58781 | Q6: 58047 | R6: 58299 | S6: 58349 | T6: 58295 | U6: 58368 | V6: 58580 | W6: 58776 | X6: 59191 | Y6: 59909 | Z6: 60563 | AA6: 61276 | AB6: 62228 | AC6: 62901 | AD6: 61728 | AE6: 59931 | AF6: 59159 | AG6: 59331 | AH6: 60443 | AI6: 62753 | AJ6: 65896 | AK6: 69005 | AL6: 73685 | AM6: 77595 | AN6: 79805 | AO6: 83021 | AP6: 86301 | AQ6: 88451 | AR6: 89659 | AS6: 90588 | AT6: 91439 | AU6: 92074 | AV6: 93128 | AW6: 95138 | AX6: 97635 | AY6: 99405 | AZ6: 100150 | BA6: 100917 | BB6: 101604 | BC6: 101838 | BD6: 102591 | BE6: 104110 | BF6: 105675 | BG6: 106807 | BH6: 107906 | BI6: 108727 | BJ6: 108735 | BK6: 108908 | BL6: 109203 | BM6: 108587 | BN6: 107700 | BO6: 107310 | BP6: 107359 | BQ6: =BP6 -> 107359 | BR6: =IF(ISERROR(INDEX(GDP!$A:$A, MATCH($A6, GDP!$A:$A, 0 ) )), "No", "Yes") -> No | BS6: =A6=GDP_WB_Data_202505!A6 -> TRUE
A7: Africa Eastern and Southern | B7: AFE | C7: Population, total | D7: SP.POP.TOTL | E7: 130072080 | F7: 133534923 | G7: 137171659 | H7: 140945536 | I7: 144904094 | J7: 149033472 | K7: 153281203 | L7: 157704381 | M7: 162329396 | N7: 167088245 | O7: 171984985 | P7: 177022314 | Q7: 182126556 | R7: 187524135 | S7: 193186642 | T7: 198914573 | U7: 204802976 | V7: 210680842 | W7: 217074286 | X7: 223974122 | Y7: 230792729 | Z7: 238043099 | AA7: 245822010 | AB7: 253644643 | AC7: 261458202 | AD7: 269450407 | AE7: 277621771 | AF7: 286067346 | AG7: 294498625 | AH7: 302939121 | AI7: 311748681 | AJ7: 320442961 | AK7: 329082707 | AL7: 338324002 | AM7: 347441809 | AN7: 356580375 | AO7: 366138524 | AP7: 375646235 | AQ7: 385505757 | AR7: 395750933 | AS7: 406156661 | AT7: 416807868 | AU7: 427820358 | AV7: 439173286 | AW7: 450928044 | AX7: 463076637 | AY7: 475606210 | AZ7: 488580707 | BA7: 502070763 | BB7: 516003448 | BC7: 530308387 | BD7: 544737983 | BE7: 559609961 | BF7: 575202699 | BG7: 590968990 | BH7: 607123269 | BI7: 623369401 | BJ7: 640058741 | BK7: 657801085 | BL7: 675950189 | BM7: 694446100 | BN7: 713090928 | BO7: 731821393 | BP7: 750503764 | BQ7: =BP7 -> 750503764 | BR7: =IF(ISERROR(INDEX(GDP!$A:$A, MATCH($A7, GDP!$A:$A, 0 ) )), "No", "Yes") -> No | BS7: =A7=GDP_WB_Data_202505!A7 -> TRUE
A8: Afghanistan | B8: AFG | C8: Population, total | D8: SP.POP.TOTL | E8: 9035043 | F8: 9214083 | G8: 9404406 | H8: 9604487 | I8: 9814318 | J8: 10036008 | K8: 10266395 | L8: 10505959 | M8: 10756922 | N8: 11017409 | O8: 11290128 | P8: 11567667 | Q8: 11853696 | R8: 12157999 | S8: 12469127 | T8: 12773954 | U8: 13059851 | V8: 13340756 | W8: 13611441 | X8: 13655567 | Y8: 13169311 | Z8: 11937581 | AA8: 10991378 | AB8: 10917982 | AC8: 11190221 | AD8: 11426852 | AE8: 11420074 | AF8: 11387818 | AG8: 11523298 | AH8: 11874088 | AI8: 12045660 | AJ8: 12238879 | AK8: 13278974 | AL8: 14943172 | AM8: 16250794 | AN8: 17065836 | AO8: 17763266 | AP8: 18452091 | AQ8: 19159996 | AR8: 19887785 | AS8: 20130327 | AT8: 20284307 | AU8: 21378117 | AV8: 22733049 | AW8: 23560654 | AX8: 24404567 | AY8: 25424094 | AZ8: 25909852 | BA8: 26482622 | BB8: 27466101 | BC8: 28284089 | BD8: 29347708 | BE8: 30560034 | BF8: 31622704 | BG8: 32792523 | BH8: 33831764 | BI8: 34700612 | BJ8: 35688935 | BK8: 36743039 | BL8: 37856121 | BM8: 39068979 | BN8: 40000412 | BO8: 40578842 | BP8: 41454761 | BQ8: =BP8 -> 41454761 | BR8: =IF(ISERROR(INDEX(GDP!$A:$A, MATCH($A8, GDP!$A:$A, 0 ) )), "No", "Yes") -> Yes | BS8: =A8=GDP_WB_Data_202505!A8 -> TRUE
A9: Africa Western and Central | B9: AFW | C9: Population, total | D9: SP.POP.TOTL | E9: 97630925 | F9: 99706674 | G9: 101854756 | H9: 104089175 | I9: 106388440 | J9: 108772632 | K9: 111246953 | L9: 113795019 | M9: 116444636 | N9: 119203521 | O9: 122086536 | P9: 125072948 | Q9: 128176494 | R9: 131449942 | S9: 134911581 | T9: 138569918 | U9: 142337272 | V9: 146258576 | W9: 150402616 | X9: 154721711 | Y9: 159166518 | Z9: 163762473 | AA9: 168585118 | AB9: 173255157 | AC9: 177880746 | AD9: 182811038 | AE9: 187889141 | AF9: 193104347 | AG9: 198485027 | AH9: 204062274 | AI9: 209566031 | AJ9: 215178709 | AK9: 221191375 | AL9: 227246778 | AM9: 233360104 | AN9: 239801875 | AO9: 246415446 | AP9: 253207584 | AQ9: 260297834 | AR9: 267506298 | AS9: 274968446 | AT9: 282780717 | AU9: 290841795 | AV9: 299142845 | AW9: 307725100 | AX9: 316588476 | AY9: 325663158 | AZ9: 334984176 | BA9: 344586109 | BB9: 354343844 | BC9: 364358270 | BD9: 374790143 | BE9: 385360349 | BF9: 396030207 | BG9: 406992047 | BH9: 418127845 | BI9: 429454743 | BJ9: 440882906 | BK9: 452195915 | BL9: 463365429 | BM9: 474569351 | BN9: 485920997 | BO9: 497387180 | BP9: 509398589 | BQ9: =BP9 -> 509398589 | BR9: =IF(ISERROR(INDEX(GDP!$A:$A, MATCH($A9, GDP!$A:$A, 0 ) )), "No", "Yes") -> No | BS9: =A9=GDP_WB_Data_202505!A9 -> TRUE
A10: Angola | B10: AGO | C10: Population, total | D10: SP.POP.TOTL | E10: 5231654 | F10: 5301583 | G10: 5354310 | H10: 5408320 | I10: 5464187 | J10: 5521981 | K10: 5581386 | L10: 5641807 | M10: 5702699 | N10: 5763685 | O10: 5852788 | P10: 5991102 | Q10: 6174262 | R10: 6388528 | S10: 6613367 | T10: 6842947 | U10: 7074664 | V10: 7317829 | W10: 7576734 | X10: 7847207 | Y10: 8133872 | Z10: 8435607 | AA10: 8751648 | AB10: 9082983 | AC10: 9425917 | AD10: 9779120 | AE10: 10139450 | AF10: 10497858 | AG10: 10861291 | AH10: 11238562 | AI10: 11626360 | AJ10: 12023529 | AK10: 12423712 | AL10: 12827135 | AM10: 13249764 | AN10: 13699778 | AO10: 14170973 | AP10: 14660413 | AQ10: 15159370 | AR10: 15667235 | AS10: 16194869 | AT10: 16747208 | AU10: 17327699 | AV10: 17943712 | AW10: 18600423 | AX10: 19291161 | AY10: 20015279 | AZ10: 20778561 | BA10: 21578655 | BB10: 22414773 | BC10: 23294825 | BD10: 24218352 | BE10: 25177394 | BF10: 26165620 | BG10: 27160769 | BH10: 28157798 | BI10: 29183070 | BJ10: 30234839 | BK10: 31297155 | BL10: 32375632 | BM10: 33451132 | BN10: 34532429 | BO10: 35635029 | BP10: 36749906 | BQ10: =BP10 -> 36749906 | BR10: =IF(ISERROR(INDEX(GDP!$A:$A, MATCH($A10, GDP!$A:$A, 0 ) )), "No", "Yes") -> Yes | BS10: =A10=GDP_WB_Data_202505!A10 -> TRUE
A11: Albania | B11: ALB | C11: Population, total | D11: SP.POP.TOTL | E11: 1608800 | F11: 1659800 | G11: 1711319 | H11: 1762621 | I11: 1814135 | J11: 1864791 | K11: 1914573 | L11: 1965598 | M11: 2022272 | N11: 2081695 | O11: 2135479 | P11: 2187853 | Q11: 2243126 | R11: 2296752 | S11: 2350124 | T11: 2404831 | U11: 2458526 | V11: 2513546 | W11: 2566266 | X11: 2617832 | Y11: 2671997 | Z11: 2726056 | AA11: 2784278 | AB11: 2843960 | AC11: 2904429 | AD11: 2964762 | AE11: 3022635 | AF11: 3083605 | AG11: 3142336 | AH11: 3227943 | AI11: 3286542 | AJ11: 3266790 | AK11: 3247039 | AL11: 3227287 | AM11: 3207536 | AN11: 3187784 | AO11: 3168033 | AP11: 3148281 | AQ11: 3128530 | AR11: 3108778 | AS11: 3089027 | AT11: 3060173 | AU11: 3051010 | AV11: 3039616 | AW11: 3026939 | AX11: 3011487 | AY11: 2992547 | AZ11: 2970017 | BA11: 2947314 | BB11: 2927519 | BC11: 2913021 | BD11: 2905195 | BE11: 2900401 | BF11: 2895092 | BG11: 2889104 | BH11: 2880703 | BI11: 2876101 | BJ11: 2873457 | BK11: 2866376 | BL11: 2854191 | BM11: 2837849 | BN11: 2811666 | BO11: 2777689 | BP11: 2745972 | BQ11: =BP11 -> 2745972 | BR11: =IF(ISERROR(INDEX(GDP!$A:$A, MATCH($A11, GDP!$A:$A, 0 ) )), "No", "Yes") -> No | BS11: =A11=GDP_WB_Data_202505!A11 -> TRUE
A12: Andorra | B12: AND | C12: Population, total | D12: SP.POP.TOTL | E12: 9510 | F12: 10283 | G12: 11086 | H12: 11915 | I12: 12764 | J12: 13634 | K12: 14626 | L12: 15837 | M12: 17176 | N12: 18555 | O12: 19977 | P12: 21442 | Q12: 22957 | R12: 24523 | S12: 26130 | T12: 27773 | U12: 29436 | V12: 31097 | W12: 32735 | X12: 34306 | Y12: 35782 | Z12: 37169 | AA12: 38764 | AB12: 40565 | AC12: 42273 | AD12: 43825 | AE12: 45734 | AF12: 47653 | AG12: 49416 | AH12: 50620 | AI12: 52597 | AJ12: 56667 | AK12: 60200 | AL12: 63272 | AM12: 64612 | AN12: 63912 | AO12: 63984 | AP12: 64700 | AQ12: 65382 | AR12: 65710 | AS12: 65685 | AT12: 65852 | AU12: 66506 | AV12: 69486 | AW12: 74325 | AX12: 77421 | AY12: 79585 | AZ12: 81877 | BA12: 83495 | BB12: 83888 | BC12: 80706 | BD12: 77783 | BE12: 76834 | BF12: 75194 | BG12: 73737 | BH12: 72174 | BI12: 72181 | BJ12: 73763 | BK12: 75162 | BL12: 76474 | BM12: 77380 | BN12: 78364 | BO12: 79705 | BP12: 80856 | BQ12: =BP12 -> 80856 | BR12: =IF(ISERROR(INDEX(GDP!$A:$A, MATCH($A12, GDP!$A:$A, 0 ) )), "No", "Yes") -> No | BS12: =A12=GDP_WB_Data_202505!A12 -> TRUE
A13: Arab World | B13: ARB | C13: Population, total | D13: SP.POP.TOTL | E13: 91540853 | F13: 93931683 | G13: 96428599 | H13: 99038509 | I13: 101729760 | J13: 104494008 | K13: 107403055 | L13: 110491709 | M13: 113712171 | N13: 117053219 | O13: 120469263 | P13: 123950810 | Q13: 127535560 | R13: 131335660 | S13: 135282861 | T13: 139495837 | U13: 144014135 | V13: 148599336 | W13: 153568663 | X13: 159054118 | Y13: 164657321 | Z13: 170015485 | AA13: 175370356 | AB13: 180973288 | AC13: 186733957 | AD13: 192563243 | AE13: 198509771 | AF13: 204524595 | AG13: 210269696 | AH13: 215969068 | AI13: 223184294 | AJ13: 228402316 | AK13: 234321565 | AL13: 240926205 | AM13: 247626514 | AN13: 253952538 | AO13: 260229121 | AP13: 266565183 | AQ13: 273094199 | AR13: 279709634 | AS13: 286548096 | AT13: 293580252 | AU13: 300691509 | AV13: 307815105 | AW13: 315060277 | AX13: 322628451 | AY13: 330526310 | AZ13: 338947976 | BA13: 347684619 | BB13: 356386673 | BC13: 363568534 | BD13: 372054934 | BE13: 381030177 | BF13: 390954281 | BG13: 400231008 | BH13: 410190679 | BI13: 419808341 | BJ13: 428315886 | BK13: 435998060 | BL13: 444281315 | BM13: 453723239 | BN13: 460646603 | BO13: 471352066 | BP13: 481667539 | BQ13: =BP13 -> 481667539 | BR13: =IF(ISERROR(INDEX(GDP!$A:$A, MATCH($A13, GDP!$A:$A, 0 ) )), "No", "Yes") -> No | BS13: =A13=GDP_WB_Data_202505!A13 -> TRUE
A14: United Arab Emirates | B14: ARE | C14: Population, total | D14: SP.POP.TOTL | E14: 131334 | F14: 137989 | G14: 144946 | H14: 152211 | I14: 159692 | J14: 167103 | K14: 173976 | L14: 179700 | M14: 199416 | N14: 239660 | O14: 286536 | P14: 335027 | Q14: 385014 | R14: 436399 | S14: 489087 | T14: 542856 | U14: 615866 | V14: 710209 | W14: 809274 | X14: 912010 | Y14: 1015700 | Z14: 1099855 | AA14: 1166370 | AB14: 1235305 | AC14: 1305996 | AD14: 1377911 | AE14: 1467383 | AF14: 1574244 | AG14: 1681788 | AH14: 1789851 | AI14: 1898220 | AJ14: 2006626 | AK14: 2114730 | AL14: 2222093 | AM14: 2328188 | AN14: 2434662 | AO14: 2597564 | AP14: 2817410 | AQ14: 3040421 | AR14: 3266009 | AS14: 3493575 | AT14: 3723590 | AU14: 3956826 | AV14: 4192457 | AW14: 4428967 | AX14: 4664790 | AY14: 5009100 | AZ14: 5624635 | BA14: 6302664 | BB14: 6707058 | BC14: 6869838 | BD14: 7104538 | BE14: 7391448 | BF14: 7693031 | BG14: 8059440 | BH14: 8505237 | BI14: 8935095 | BJ14: 9223225 | BK14: 9346701 | BL14: 9445785 | BM14: 9401038 | BN14: 9575152 | BO14: 10074977 | BP14: 10483751 | BQ14: =BP14 -> 10483751 | BR14: =IF(ISERROR(INDEX(GDP!$A:$A, MATCH($A14, GDP!$A:$A, 0 ) )), "No", "Yes") -> No | BS14: =A14=GDP_WB_Data_202505!A14 -> TRUE
A15: Argentina | B15: ARG | C15: Population, total | D15: SP.POP.TOTL | E15: 20386045 | F15: 20726276 | G15: 21072538 | H15: 21421705 | I15: 21769453 | J15: 22112629 | K15: 22453893 | L15: 22799059 | M15: 23150583 | N15: 23508711 | O15: 23878327 | P15: 24257208 | Q15: 24644328 | R15: 25046005 | S15: 25461351 | T15: 25874107 | U15: 26282283 | V15: 26701805 | W15: 27132158 | X15: 27568895 | Y15: 28011596 | Z15: 28463959 | AA15: 28924262 | AB15: 29391332 | AC15: 29863093 | AD15: 30336441 | AE15: 30811980 | AF15: 31291762 | AG15: 31780532 | AH15: 32270948 | AI15: 32755901 | AJ15: 33230294 | AK15: 33693527 | AL15: 34152717 | AM15: 34613491 | AN15: 35070020 | AO15: 35513793 | AP15: 35947791 | AQ15: 36372860 | AR15: 36794682 | AS15: 37213984 | AT15: 37624825 | AU15: 38029349 | AV15: 38424282 | AW15: 38815916 | AX15: 39216789 | AY15: 39622115 | AZ15: 40016763 | BA15: 40424148 | BB15: 40854831 | BC15: 41288694 | BD15: 41730660 | BE15: 42161721 | BF15: 42582455 | BG15: 43024071 | BH15: 43477012 | BI15: 43900313 | BJ15: 44288894 | BK15: 44654882 | BL15: 44973465 | BM15: 45191965 | BN15: 45312281 | BO15: 45407904 | BP15: 45538401 | BQ15: =BP15 -> 45538401 | BR15: =IF(ISERROR(INDEX(GDP!$A:$A, MATCH($A15, GDP!$A:$A, 0 ) )), "No", "Yes") -> No | BS15: =A15=GDP_WB_Data_202505!A15 -> TRUE
A16: Armenia | B16: ARM | C16: Population, total | D16: SP.POP.TOTL | E16: 1863705 | F16: 1927484 | G16: 1991689 | H16: 2056023 | I16: 2120135 | J16: 2183635 | K16: 2246159 | L16: 2307492 | M16: 2367319 | N16: 2424030 | O16: 2475633 | P16: 2525345 | Q16: 2577079 | R16: 2630860 | S16: 2686445 | T16: 2743660 | U16: 2818165 | V16: 2912827 | W16: 3012807 | X16: 3078501 | Y16: 3107415 | Z16: 3135349 | AA16: 3163144 | AB16: 3191539 | AC16: 3224547 | AD16: 3260432 | AE16: 3294847 | AF16: 3328520 | AG16: 3355125 | AH16: 3443100 | AI16: 3552128 | AJ16: 3613977 | AK16: 3571861 | AL16: 3453332 | AM16: 3364610 | AN16: 3307581 | AO16: 3278735 | AP16: 3246289 | AQ16: 3208401 | AR16: 3167286 | AS16: 3221100 | AT16: 3211800 | AU16: 3199800 | AV16: 3182500 | AW16: 3164900 | AX16: 3146400 | AY16: 3127100 | AZ16: 3107400 | BA16: 3087100 | BB16: 3066000 | BC16: 3044800 | BD16: 3027900 | BE16: 3024100 | BF16: 3022000 | BG16: 3013800 | BH16: 3004600 | BI16: 2992300 | BJ16: 2979400 | BK16: 2969000 | BL16: 2962500 | BM16: 2961500 | BN16: 2962300 | BO16: 2969200 | BP16: 2990900 | BQ16: =BP16 -> 2990900 | BR16: =IF(ISERROR(INDEX(GDP!$A:$A, MATCH($A16, GDP!$A:$A, 0 ) )), "No", "Yes") -> No | BS16: =A16=GDP_WB_Data_202505!A16 -> TRUE
A17: American Samoa | B17: ASM | C17: Population, total | D17: SP.POP.TOTL | E17: 20133 | F17: 20666 | G17: 21298 | H17: 21966 | I17: 22673 | J17: 23406 | K17: 24136 | L17: 24863 | M17: 25614 | N17: 26375 | O17: 27026 | P17: 27533 | Q17: 27995 | R17: 28436 | S17: 28875 | T17: 29390 | U17: 29959 | V17: 30521 | W17: 31076 | X17: 31611 | Y17: 32403 | Z17: 33584 | AA17: 34909 | AB17: 36271 | AC17: 37667 | AD17: 39103 | AE17: 40571 | AF17: 42072 | AG17: 43615 | AH17: 45191 | AI17: 46640 | AJ17: 47882 | AK17: 49038 | AL17: 50159 | AM17: 51251 | AN17: 52316 | AO17: 53353 | AP17: 54362 | AQ17: 55334 | AR17: 56248 | AS17: 56855 | AT17: 57053 | AU17: 57062 | AV17: 56971 | AW17: 56818 | AX17: 56617 | AY17: 56374 | AZ17: 56113 | BA17: 55828 | BB17: 55528 | BC17: 55228 | BD17: 54895 | BE17: 54489 | BF17: 54006 | BG17: 53466 | BH17: 52878 | BI17: 52245 | BJ17: 51586 | BK17: 50908 | BL17: 50209 | BM17: 49761 | BN17: 49225 | BO17: 48342 | BP17: 47521 | BQ17: =BP17 -> 47521 | BR17: =IF(ISERROR(INDEX(GDP!$A:$A, MATCH($A17, GDP!$A:$A, 0 ) )), "No", "Yes") -> No | BS17: =A17=GDP_WB_Data_202505!A17 -> TRUE
... A115: India | B115: IND | C115: Population, total | D115: SP.POP.TOTL | E115: 435990338 | F115: 446564729 | G115: 457283090 | H115: 468138575 | I115: 479229598 | J115: 490140146 | K115: 500740247 | L115: 511606372 | M115: 522716889 | N115: 533880544 | O115: 545864268 | P115: 558096387 | Q115: 570482142 | R115: 583465598 | S115: 597041391 | T115: 611309535 | U115: 625861883 | V115: 640801103 | W115: 655728229 | X115: 671155747 | Y115: 687354025 | Z115: 703696250 | AA115: 720313473 | AB115: 737372681 | AC115: 754875449 | AD115: 772647793 | AE115: 790689978 | AF115: 808931270 | AG115: 827342990 | AH115: 846039529 | AI115: 864972221 | AJ115: 883927600 | AK115: 902957070 | AL115: 922118387 | AM115: 941163767 | AN115: 960301044 | AO115: 979678458 | AP115: 999133762 | AQ115: 1018665080 | AR115: 1038225823 | AS115: 1057922733 | AT115: 1077898575 | AU115: 1097600380 | AV115: 1116803006 | AW115: 1135991513 | AX115: 1154676322 | AY115: 1172878890 | AZ115: 1190676021 | BA115: 1207930964 | BB115: 1225524753 | BC115: 1243481564 | BD115: 1261224954 | BE115: 1278674502 | BF115: 1295829511 | BG115: 1312277191 | BH115: 1328024498 | BI115: 1343944296 | BJ115: 1359657400 | BK115: 1374659064 | BL115: 1389030312 | BM115: 1402617695 | BN115: 1414203896 | BO115: 1425423212 | BP115: 1438069596 | BQ115: =BP115 -> 1438069596 | BR115: =IF(ISERROR(INDEX(GDP!$A:$A, MATCH($A115, GDP!$A:$A, 0 ) )), "No", "Yes") -> Yes | BS115: =A115=GDP_WB_Data_202505!A115 -> TRUE
A116: Not classified | B116: INX | C116: Population, total | D116: SP.POP.TOTL | BQ116: =BP116 -> 0 | BR116: =IF(ISERROR(INDEX(GDP!$A:$A, MATCH($A116, GDP!$A:$A, 0 ) )), "No", "Yes") -> No | BS116: =A116=GDP_WB_Data_202505!A116 -> TRUE
A117: Ireland | B117: IRL | C117: Population, total | D117: SP.POP.TOTL | E117: 2828600 | F117: 2824400 | G117: 2836050 | H117: 2852650 | I117: 2866550 | J117: 2877300 | K117: 2888800 | L117: 2902450 | M117: 2915550 | N117: 2932650 | O117: 2957250 | P117: 2992050 | Q117: 3036850 | R117: 3085950 | S117: 3137500 | T117: 3189550 | U117: 3238050 | V117: 3282200 | W117: 3329100 | X117: 3373750 | Y117: 3412800 | Z117: 3453000 | AA117: 3485800 | AB117: 3510600 | AC117: 3532423 | AD117: 3538082 | AE117: 3539690 | AF117: 3540057 | AG117: 3524949 | AH117: 3511009 | AI117: 3513974 | AJ117: 3534235 | AK117: 3558430 | AL117: 3576261 | AM117: 3590386 | AN117: 3608841 | AO117: 3637510 | AP117: 3674171 | AQ117: 3712696 | AR117: 3754786 | AS117: 3805174 | AT117: 3866243 | AU117: 3931947 | AV117: 3996521 | AW117: 4070262 | AX117: 4159914 | AY117: 4273591 | AZ117: 4398942 | BA117: 4489544 | BB117: 4535375 | BC117: 4560155 | BD117: 4580084 | BE117: 4599533 | BF117: 4623816 | BG117: 4657740 | BH117: 4701957 | BI117: 4755335 | BJ117: 4807388 | BK117: 4867316 | BL117: 4934340 | BM117: 4985382 | BN117: 5033164 | BO117: 5165700 | BP117: 5307600 | BQ117: =BP117 -> 5307600 | BR117: =IF(ISERROR(INDEX(GDP!$A:$A, MATCH($A117, GDP!$A:$A, 0 ) )), "No", "Yes") -> No | BS117: =A117=GDP_WB_Data_202505!A117 -> TRUE
A118: Iran (Islamic Republic Of) | B118: IRN | C118: Population, total | D118: SP.POP.TOTL | E118: 21470434 | F118: 22125726 | G118: 22807907 | H118: 23519005 | I118: 24262859 | J118: 25036978 | K118: 25829270 | L118: 26628432 | M118: 27437391 | N118: 28273482 | O118: 29145100 | P118: 30029071 | Q118: 30921179 | R118: 31839838 | S118: 32796463 | T118: 33802973 | U118: 34837271 | V118: 35933181 | W118: 37126535 | X118: 38424952 | Y118: 39842324 | Z118: 41989312 | AA118: 44272141 | AB118: 46029535 | AC118: 47793998 | AD118: 49582289 | AE118: 51446045 | AF118: 53323493 | AG118: 55072694 | AH118: 56704914 | AI118: 58380092 | AJ118: 59986931 | AK118: 61184983 | AL118: 61403543 | AM118: 61520598 | AN118: 62205567 | AO118: 62881300 | AP118: 63639638 | AQ118: 64519859 | AR118: 65445391 | AS118: 66418659 | AT118: 67452005 | AU118: 68011317 | AV118: 68769340 | AW118: 70256316 | AX118: 71828455 | AY118: 73392747 | AZ118: 74602648 | BA118: 75514204 | BB118: 76457825 | BC118: 77420842 | BD118: 78383598 | BE118: 79370580 | BF118: 80414686 | BG118: 81502045 | BH118: 82619362 | BI118: 83812228 | BJ118: 85026754 | BK118: 86117998 | BL118: 87051648 | BM118: 87723443 | BN118: 88455488 | BO118: 89524246 | BP118: 90608707 | BQ118: =BP118 -> 90608707 | BR118: =IF(ISERROR(INDEX(GDP!$A:$A, MATCH($A118, GDP!$A:$A, 0 ) )), "No", "Yes") -> Yes | BS118: =A118=GDP_WB_Data_202505!A118 -> TRUE
A119: Iraq | B119: IRQ | C119: Population, total | D119: SP.POP.TOTL | E119: 7022052 | F119: 7194553 | G119: 7413875 | H119: 7667928 | I119: 7929566 | J119: 8202140 | K119: 8485104 | L119: 8778869 | M119: 9085016 | N119: 9403356 | O119: 9735611 | P119: 10077809 | Q119: 10430164 | R119: 10795869 | S119: 11167761 | T119: 11543639 | U119: 11927651 | V119: 12331046 | W119: 12753355 | X119: 13170365 | Y119: 13591992 | Z119: 14006381 | AA119: 14406083 | AB119: 14840555 | AC119: 15310733 | AD119: 15683430 | AE119: 16074145 | AF119: 16521049 | AG119: 16908819 | AH119: 17364542 | AI119: 17581206 | AJ119: 17767253 | AK119: 18300845 | AL119: 19201195 | AM119: 20139807 | AN119: 20825860 | AO119: 21501321 | AP119: 22176593 | AQ119: 22884399 | AR119: 23636527 | AS119: 24424056 | AT119: 25197840 | AU119: 26006559 | AV119: 26802659 | AW119: 27577878 | AX119: 28407448 | AY119: 28616515 | AZ119: 28391607 | BA119: 28971036 | BB119: 30058206 | BC119: 31045366 | BD119: 32161424 | BE119: 33654842 | BF119: 35281989 | BG119: 36550059 | BH119: 37560535 | BI119: 38469627 | BJ119: 39337353 | BK119: 40265624 | BL119: 41192171 | BM119: 42116605 | BN119: 43071211 | BO119: 44070551 | BP119: 45074049 | BQ119: =BP119 -> 45074049 | BR119: =IF(ISERROR(INDEX(GDP!$A:$A, MATCH($A119, GDP!$A:$A, 0 ) )), "No", "Yes") -> No | BS119: =A119=GDP_WB_Data_202505!A119 -> TRUE
A120: Iceland | B120: ISL | C120: Population, total | D120: SP.POP.TOTL | E120: 175574 | F120: 179029 | G120: 182378 | H120: 185653 | I120: 188983 | J120: 192286 | K120: 195570 | L120: 198751 | M120: 201488 | N120: 203369 | O120: 204438 | P120: 206098 | Q120: 209137 | R120: 212317 | S120: 215209 | T120: 217979 | U120: 220154 | V120: 221799 | W120: 223537 | X120: 225735 | Y120: 228138 | Z120: 230755 | AA120: 233860 | AB120: 236977 | AC120: 239511 | AD120: 241405 | AE120: 243180 | AF120: 245859 | AG120: 249740 | AH120: 252852 | AI120: 254826 | AJ120: 257797 | AK120: 261057 | AL120: 263725 | AM120: 266021 | AN120: 267468 | AO120: 268916 | AP120: 271128 | AQ120: 274047 | AR120: 277381 | AS120: 281205 | AT120: 284968 | AU120: 287523 | AV120: 289521 | AW120: 292074 | AX120: 296734 | AY120: 303782 | AZ120: 311566 | BA120: 317414 | BB120: 318499 | BC120: 318041 | BD120: 319014 | BE120: 320716 | BF120: 323764 | BG120: 327386 | BH120: 330815 | BI120: 335439 | BJ120: 343400 | BK120: 352721 | BL120: 360563 | BM120: 366463 | BN120: 372520 | BO120: 382003 | BP120: 393349 | BQ120: =BP120 -> 393349 | BR120: =IF(ISERROR(INDEX(GDP!$A:$A, MATCH($A120, GDP!$A:$A, 0 ) )), "No", "Yes") -> No | BS120: =A120=GDP_WB_Data_202505!A120 -> TRUE
A121: Israel | B121: ISR | C121: Population, total | D121: SP.POP.TOTL | E121: 2114020 | F121: 2185000 | G121: 2293000 | H121: 2379000 | I121: 2475000 | J121: 2563000 | K121: 2629000 | L121: 2745000 | M121: 2803000 | N121: 2877000 | O121: 2974000 | P121: 3069000 | Q121: 3148000 | R121: 3278000 | S121: 3377000 | T121: 3455000 | U121: 3533000 | V121: 3613000 | W121: 3690000 | X121: 3786000 | Y121: 3878000 | Z121: 3956000 | AA121: 4031000 | AB121: 4105000 | AC121: 4159000 | AD121: 4233000 | AE121: 4299000 | AF121: 4369000 | AG121: 4442000 | AH121: 4518000 | AI121: 4660000 | AJ121: 4949000 | AK121: 5123000 | AL121: 5261000 | AM121: 5399000 | AN121: 5545000 | AO121: 5692000 | AP121: 5836000 | AQ121: 5971000 | AR121: 6125000 | AS121: 6289000 | AT121: 6439000 | AU121: 6570000 | AV121: 6689700 | AW121: 6809000 | AX121: 6930100 | AY121: 7053700 | AZ121: 7180100 | BA121: 7308800 | BB121: 7485600 | BC121: 7623600 | BD121: 7765800 | BE121: 7910500 | BF121: 8059500 | BG121: 8215700 | BH121: 8380100 | BI121: 8546000 | BJ121: 8713300 | BK121: 8882800 | BL121: 9054000 | BM121: 9215100 | BN121: 9371400 | BO121: 9557500 | BP121: 9756600 | BQ121: =BP121 -> 9756600 | BR121: =IF(ISERROR(INDEX(GDP!$A:$A, MATCH($A121, GDP!$A:$A, 0 ) )), "No", "Yes") -> No | BS121: =A121=GDP_WB_Data_202505!A121 -> TRUE
A122: Italy | B122: ITA | C122: Population, total | D122: SP.POP.TOTL | E122: 50199700 | F122: 50536350 | G122: 50879450 | H122: 51252000 | I122: 51675350 | J122: 52112350 | K122: 52519000 | L122: 52900500 | M122: 53235750 | N122: 53537950 | O122: 53821850 | P122: 54073490 | Q122: 54381345 | R122: 54751406 | S122: 55110868 | T122: 55441001 | U122: 55718260 | V122: 55955411 | W122: 56155143 | X122: 56317749 | Y122: 56433883 | Z122: 56501675 | AA122: 56543548 | AB122: 56564074 | AC122: 56576718 | AD122: 56593071 | AE122: 56596155 | AF122: 56601931 | AG122: 56629288 | AH122: 56671781 | AI122: 56719240 | AJ122: 56758521 | AK122: 56797087 | AL122: 56831821 | AM122: 56843400 | AN122: 56844303 | AO122: 56860281 | AP122: 56890372 | AQ122: 56906744 | AR122: 56916317 | AS122: 56942108 | AT122: 56974100 | AU122: 57059007 | AV122: 57313203 | AW122: 57685327 | AX122: 57969484 | AY122: 58143979 | AZ122: 58438310 | BA122: 58826731 | BB122: 59095365 | BC122: 59277417 | BD122: 59379449 | BE122: 59539717 | BF122: 60233948 | BG122: 60789140 | BH122: 60730582 | BI122: 60627498 | BJ122: 60536709 | BK122: 60421760 | BL122: 59729081 | BM122: 59438851 | BN122: 59133173 | BO122: 59013667 | BP122: 58993475 | BQ122: =BP122 -> 58993475 | BR122: =IF(ISERROR(INDEX(GDP!$A:$A, MATCH($A122, GDP!$A:$A, 0 ) )), "No", "Yes") -> No | BS122: =A122=GDP_WB_Data_202505!A122 -> TRUE
A123: Jamaica | B123: JAM | C123: Population, total | D123: SP.POP.TOTL | E123: 1650005 | F123: 1673261 | G123: 1696932 | H123: 1721099 | I123: 1745568 | J123: 1769192 | K123: 1791475 | L123: 1812865 | M123: 1833765 | N123: 1855127 | O123: 1878196 | P123: 1903728 | Q123: 1931542 | R123: 1961219 | S123: 1990906 | T123: 2018981 | U123: 2045578 | V123: 2070657 | W123: 2094836 | X123: 2119486 | Y123: 2145658 | Z123: 2173818 | AA123: 2203889 | AB123: 2234832 | AC123: 2264562 | AD123: 2290656 | AE123: 2312125 | AF123: 2329813 | AG123: 2345777 | AH123: 2361916 | AI123: 2379877 | AJ123: 2400869 | AK123: 2424701 | AL123: 2449916 | AM123: 2475220 | AN123: 2500151 | AO123: 2524463 | AP123: 2547848 | AQ123: 2569736 | AR123: 2589795 | AS123: 2607826 | AT123: 2624403 | AU123: 2640572 | AV123: 2656623 | AW123: 2672225 | AX123: 2687066 | AY123: 2700968 | AZ123: 2713800 | BA123: 2725635 | BB123: 2736995 | BC123: 2748568 | BD123: 2760494 | BE123: 2772430 | BF123: 2783687 | BG123: 2793749 | BH123: 2802534 | BI123: 2809915 | BJ123: 2815764 | BK123: 2820097 | BL123: 2823271 | BM123: 2830739 | BN123: 2837682 | BO123: 2839144 | BP123: 2839786 | BQ123: =BP123 -> 2839786 | BR123: =IF(ISERROR(INDEX(GDP!$A:$A, MATCH($A123, GDP!$A:$A, 0 ) )), "No", "Yes") -> Yes | BS123: =A123=GDP_WB_Data_202505!A123 -> TRUE
A124: Jordan | B124: JOR | C124: Population, total | D124: SP.POP.TOTL | E124: 853471 | F124: 897591 | G124: 940554 | H124: 984714 | I124: 1035640 | J124: 1099440 | K124: 1178360 | L124: 1271183 | M124: 1372460 | N124: 1473100 | O124: 1565163 | P124: 1645145 | Q124: 1714555 | R124: 1778094 | S124: 1839182 | T124: 1899055 | U124: 1958177 | V124: 2019002 | W124: 2083595 | X124: 2153882 | Y124: 2234186 | Z124: 2325517 | AA124: 2426927 | AB124: 2537307 | AC124: 2654688 | AD124: 2778810 | AE124: 2909887 | AF124: 3047634 | AG124: 3193039 | AH124: 3349627 | AI124: 3621908 | AJ124: 3915149 | AK124: 4127693 | AL124: 4348020 | AM124: 4561406 | AN124: 4752096 | AO124: 4912516 | AP124: 5046285 | AQ124: 5164284 | AR124: 5276444 | AS124: 5386945 | AT124: 5498894 | AU124: 5616066 | AV124: 5741828 | AW124: 5882061 | AX124: 6029587 | AY124: 6427371 | AZ124: 6827227 | BA124: 6989866 | BB124: 7141753 | BC124: 7297043 | BD124: 7480424 | BE124: 7587127 | BF124: 7991809 | BG124: 8791710 | BH124: 9544729 | BI124: 10006367 | BJ124: 10234226 | BK124: 10462306 | BL124: 10671891 | BM124: 10865228 | BN124: 11066356 | BO124: 11256263 | BP124: 11439213 | BQ124: =BP124 -> 11439213 | BR124: =IF(ISERROR(INDEX(GDP!$A:$A, MATCH($A124, GDP!$A:$A, 0 ) )), "No", "Yes") -> No | BS124: =A124=GDP_WB_Data_202505!A124 -> TRUE
A125: Japan | B125: JPN | C125: Population, total | D125: SP.POP.TOTL | E125: 93216000 | F125: 94055000 | G125: 94933000 | H125: 95900000 | I125: 96903000 | J125: 97952000 | K125: 98851000 | L125: 99879000 | M125: 101011000 | N125: 102219000 | O125: 103403000 | P125: 105697000 | Q125: 107188000 | R125: 108707000 | S125: 110162000 | T125: 111573000 | U125: 112775000 | V125: 113872000 | W125: 114913000 | X125: 115890000 | Y125: 116807000 | Z125: 117661000 | AA125: 118480000 | AB125: 119307000 | AC125: 120083000 | AD125: 120837000 | AE125: 121482000 | AF125: 122069000 | AG125: 122578000 | AH125: 123069000 | AI125: 123478000 | AJ125: 123964000 | AK125: 124425000 | AL125: 124829000 | AM125: 125178000 | AN125: 125472000 | AO125: 125757000 | AP125: 126057000 | AQ125: 126400000 | AR125: 126631000 | AS125: 126843000 | AT125: 127149000 | AU125: 127445000 | AV125: 127718000 | AW125: 127761000 | AX125: 127773000 | AY125: 127854000 | AZ125: 128001000 | BA125: 128063000 | BB125: 128047000 | BC125: 128070000 | BD125: 127833000 | BE125: 127629000 | BF125: 127445000 | BG125: 127276000 | BH125: 127141000 | BI125: 127076000 | BJ125: 126972000 | BK125: 126811000 | BL125: 126633000 | BM125: 126261000 | BN125: 125681593 | BO125: 125124989 | BP125: 124516650 | BQ125: =BP125 -> 124516650 | BR125: =IF(ISERROR(INDEX(GDP!$A:$A, MATCH($A125, GDP!$A:$A, 0 ) )), "No", "Yes") -> No | BS125: =A125=GDP_WB_Data_202505!A125 -> TRUE
A126: Kazakhstan | B126: KAZ | C126: Population, total | D126: SP.POP.TOTL | E126: 9429981 | F126: 9742085 | G126: 10058928 | H126: 10377466 | I126: 10690309 | J126: 10993183 | K126: 11288989 | L126: 11584428 | M126: 11879182 | N126: 12156212 | O126: 12419057 | P126: 12684813 | Q126: 12951798 | R126: 13208121 | S126: 13454570 | T126: 13700843 | U126: 13998738 | V126: 14353265 | W126: 14711497 | X126: 14978696 | Y126: 15152949 | Z126: 15323082 | AA126: 15492595 | AB126: 15665551 | AC126: 15844621 | AD126: 16031090 | AE126: 16262702 | AF126: 16527715 | AG126: 16781168 | AH126: 16997013 | AI126: 17154054 | AJ126: 17278600 | AK126: 17332625 | AL126: 17274487 | AM126: 17043771 | AN126: 16730536 | AO126: 16416027 | AP126: 16043251 | AQ126: 15647785 | AR126: 15455874 | AS126: 15501103 | AT126: 15575550 | AU126: 15656677 | AV126: 15747380 | AW126: 15850159 | AX126: 15968117 | AY126: 16103716 | AZ126: 16257214 | BA126: 16426525 | BB126: 16619846 | BC126: 16836810 | BD126: 17066002 | BE126: 17306106 | BF126: 17556502 | BG126: 17816285 | BH126: 18084169 | BI126: 18363600 | BJ126: 18651931 | BK126: 18932727 | BL126: 19209555 | BM126: 19482117 | BN126: 19743603 | BO126: 20034609 | BP126: 20330104 | BQ126: =BP126 -> 20330104 | BR126: =IF(ISERROR(INDEX(GDP!$A:$A, MATCH($A126, GDP!$A:$A, 0 ) )), "No", "Yes") -> No | BS126: =A126=GDP_WB_Data_202505!A126 -> TRUE
A127: Kenya | B127: KEN | C127: Population, total | D127: SP.POP.TOTL | E127: 7695307 | F127: 7987770 | G127: 8299308 | H127: 8627971 | I127: 8973535 | J127: 9338078 | K127: 9717816 | L127: 10111057 | M127: 10518823 | N127: 10939695 | O127: 11368791 | P127: 11788904 | Q127: 12206060 | R127: 12634835 | S127: 13070078 | T127: 13511671 | U127: 13957623 | V127: 14428819 | W127: 14934126 | X127: 15460666 | Y127: 16018459 | Z127: 16601507 | AA127: 17206175 | AB127: 17846374 | AC127: 18514906 | AD127: 19201768 | AE127: 19901646 | AF127: 20616096 | AG127: 21356219 | AH127: 22118434 | AI127: 22892651 | AJ127: 23646514 | AK127: 24382460 | AL127: 25117188 | AM127: 25857130 | AN127: 26601751 | AO127: 27344211 | AP127: 28101768 | AQ127: 28888057 | AR127: 29733408 | AS127: 30642890 | AT127: 31619170 | AU127: 32629808 | AV127: 33652223 | AW127: 34713455 | AX127: 35796484 | AY127: 36904008 | AZ127: 38036349 | BA127: 39206351 | BB127: 40408891 | BC127: 41598567 | BD127: 42758461 | BE127: 43888303 | BF127: 44986791 | BG127: 46051440 | BH127: 47088526 | BI127: 48139687 | BJ127: 49197766 | BK127: 50207107 | BL127: 51202827 | BM127: 52217334 | BN127: 53219166 | BO127: 54252461 | BP127: 55339003 | BQ127: =BP127 -> 55339003 | BR127: =IF(ISERROR(INDEX(GDP!$A:$A, MATCH($A127, GDP!$A:$A, 0 ) )), "No", "Yes") -> Yes | BS127: =A127=GDP_WB_Data_202505!A127 -> TRUE
A128: Kyrgyzstan | B128: KGZ | C128: Population, total | D128: SP.POP.TOTL | E128: 2172300 | F128: 2255900 | G128: 2333400 | H128: 2413700 | I128: 2495300 | J128: 2573300 | K128: 2655300 | L128: 2736500 | M128: 2818300 | N128: 2894800 | O128: 2959900 | P128: 3022300 | Q128: 3088200 | R128: 3153800 | S128: 3223900 | T128: 3292400 | U128: 3358700 | V128: 3423900 | W128: 3487100 | X128: 3552000 | Y128: 3617400 | Z128: 3685800 | AA128: 3759300 | AB128: 3838300 | AC128: 3916400 | AD128: 3990300 | AE128: 4066500 | AF128: 4144600 | AG128: 4218400 | AH128: 4307500 | AI128: 4391236 | AJ128: 4463634 | AK128: 4515399.5 | AL128: 4516777 | AM128: 4515068.5 | AN128: 4560454 | AO128: 4628437.5 | AP128: 4696420.5 | AQ128: 4769014.5 | AR128: 4840422 | AS128: 4898361.5 | AT128: 4945072.5 | AU128: 4990704 | AV128: 5043308 | AW128: 5104712.5 | AX128: 5162639.5 | AY128: 5218373 | AZ128: 5268384.5 | BA128: 5318729 | BB128: 5389643 | BC128: 5467059 | BD128: 5546586.5 | BE128: 5652076 | BF128: 5777150 | BG128: 5905847.5 | BH128: 6040035.5 | BI128: 6175337.5 | BJ128: 6306695.5 | BK128: 6444078.5 | BL128: 6590211 | BM128: 6726595.5 | BN128: 6851224 | BO128: 6975219.5 | BP128: 7099750 | BQ128: =BP128 -> 7099750 | BR128: =IF(ISERROR(INDEX(GDP!$A:$A, MATCH($A128, GDP!$A:$A, 0 ) )), "No", "Yes") -> Yes | BS128: =A128=GDP_WB_Data_202505!A128 -> TRUE
... A201: Paraguay | B201: PRY | C201: Population, total | D201: SP.POP.TOTL | E201: 1883514 | F201: 1927394 | G201: 1973130 | H201: 2021909 | I201: 2073119 | J201: 2125177 | K201: 2177584 | L201: 2229994 | M201: 2282391 | N201: 2334992 | O201: 2388028 | P201: 2442537 | Q201: 2499881 | R201: 2561102 | S201: 2625621 | T201: 2691648 | U201: 2758836 | V201: 2827874 | W201: 2899269 | X201: 2973968 | Y201: 3053235 | Z201: 3137604 | AA201: 3226189 | AB201: 3318068 | AC201: 3412936 | AD201: 3510671 | AE201: 3611474 | AF201: 3714889 | AG201: 3820546 | AH201: 3927802 | AI201: 4035747 | AJ201: 4144364 | AK201: 4253600 | AL201: 4362696 | AM201: 4471417 | AN201: 4579806 | AO201: 4687543 | AP201: 4794412 | AQ201: 4900025 | AR201: 5003135 | AS201: 5100868 | AT201: 5187689 | AU201: 5261328 | AV201: 5326436 | AW201: 5388175 | AX201: 5448097 | AY201: 5505148 | AZ201: 5559386 | BA201: 5613574 | BB201: 5671236 | BC201: 5737971 | BD201: 5814626 | BE201: 5897008 | BF201: 5982445 | BG201: 6069811 | BH201: 6159103 | BI201: 6249126 | BJ201: 6338660 | BK201: 6427382 | BL201: 6515058 | BM201: 6603739 | BN201: 6684182 | BO201: 6760464 | BP201: 6844146 | BQ201: =BP201 -> 6844146 | BR201: =IF(ISERROR(INDEX(GDP!$A:$A, MATCH($A201, GDP!$A:$A, 0 ) )), "No", "Yes") -> No | BS201: =A201=GDP_WB_Data_202505!A201 -> TRUE
A202: West Bank and Gaza | B202: PSE | C202: Population, total | D202: SP.POP.TOTL | AI202: 1978248 | AJ202: 2068845 | AK202: 2163591 | AL202: 2262676 | AM202: 2366298 | AN202: 2474666 | AO202: 2587997 | AP202: 2706518 | AQ202: 2776568 | AR202: 2848431 | AS202: 2922153 | AT202: 2997784 | AU202: 3075373 | AV202: 3154969 | AW202: 3236626 | AX202: 3320396 | AY202: 3406334 | AZ202: 3494496 | BA202: 3591977 | BB202: 3689099 | BC202: 3786161 | BD202: 3882986 | BE202: 3979998 | BF202: 4076708 | BG202: 4173398 | BH202: 4270092 | BI202: 4367088 | BJ202: 4454805 | BK202: 4569087 | BL202: 4685306 | BM202: 4803269 | BN202: 4922749 | BO202: 5043612 | BP202: 5165775 | BQ202: =BP202 -> 5165775 | BR202: =IF(ISERROR(INDEX(GDP!$A:$A, MATCH($A202, GDP!$A:$A, 0 ) )), "No", "Yes") -> No | BS202: =A202=GDP_WB_Data_202505!A202 -> TRUE
A203: Pacific island small states | B203: PSS | C203: Population, total | D203: SP.POP.TOTL | E203: 912120 | F203: 938244 | G203: 965430 | H203: 993524 | I203: 1022081 | J203: 1051140 | K203: 1079689 | L203: 1105889 | M203: 1130851 | N203: 1156327 | O203: 1181537 | P203: 1205879 | Q203: 1229695 | R203: 1253169 | S203: 1277600 | T203: 1303608 | U203: 1331351 | V203: 1360619 | W203: 1390784 | X203: 1422234 | Y203: 1454476 | Z203: 1487561 | AA203: 1521261 | AB203: 1555284 | AC203: 1590058 | AD203: 1625654 | AE203: 1660533 | AF203: 1692234 | AG203: 1721206 | AH203: 1748900 | AI203: 1775607 | AJ203: 1801531 | AK203: 1827395 | AL203: 1853148 | AM203: 1878007 | AN203: 1901782 | AO203: 1926342 | AP203: 1954642 | AQ203: 1984859 | AR203: 2014289 | AS203: 2042274 | AT203: 2069097 | AU203: 2095273 | AV203: 2120592 | AW203: 2145505 | AX203: 2170029 | AY203: 2194265 | AZ203: 2218230 | BA203: 2240739 | BB203: 2262456 | BC203: 2289399 | BD203: 2320899 | BE203: 2351924 | BF203: 2382931 | BG203: 2414338 | BH203: 2445989 | BI203: 2477794 | BJ203: 2509999 | BK203: 2542009 | BL203: 2568656 | BM203: 2595522 | BN203: 2625493 | BO203: 2656049 | BP203: 2689224 | BQ203: =BP203 -> 2689224 | BR203: =IF(ISERROR(INDEX(GDP!$A:$A, MATCH($A203, GDP!$A:$A, 0 ) )), "No", "Yes") -> No | BS203: =A203=GDP_WB_Data_202505!A203 -> TRUE
A204: Post-demographic dividend | B204: PST | C204: Population, total | D204: SP.POP.TOTL | E204: 756379385 | F204: 765443499 | G204: 774679689 | H204: 783736508 | I204: 792735136 | J204: 801451274 | K204: 809623605 | L204: 817437528 | M204: 825029113 | N204: 832633761 | O204: 840190480 | P204: 849553629 | Q204: 857513072 | R204: 865015884 | S204: 872247955 | T204: 879088327 | U204: 885244462 | V204: 891301791 | W204: 897398355 | X204: 903773491 | Y204: 909919829 | Z204: 916024683 | AA204: 921558505 | AB204: 926768139 | AC204: 931624894 | AD204: 936480384 | AE204: 941566838 | AF204: 946817118 | AG204: 952284317 | AH204: 958176572 | AI204: 964371624 | AJ204: 971291914 | AK204: 978087877 | AL204: 984398082 | AM204: 990028770 | AN204: 995338472 | AO204: 1000836719 | AP204: 1006102041 | AQ204: 1011086034 | AR204: 1015990094 | AS204: 1021150563 | AT204: 1026102991 | AU204: 1031271721 | AV204: 1036412650 | AW204: 1041747900 | AX204: 1046942910 | AY204: 1052610469 | AZ204: 1058829365 | BA204: 1065219261 | BB204: 1070658067 | BC204: 1075615574 | BD204: 1078564678 | BE204: 1083068159 | BF204: 1087808342 | BG204: 1092805112 | BH204: 1097599410 | BI204: 1102507839 | BJ204: 1106644744 | BK204: 1110512190 | BL204: 1113651656 | BM204: 1117765361 | BN204: 1117015201 | BO204: 1117561802 | BP204: 1119236161 | BQ204: =BP204 -> 1119236161 | BR204: =IF(ISERROR(INDEX(GDP!$A:$A, MATCH($A204, GDP!$A:$A, 0 ) )), "No", "Yes") -> No | BS204: =A204=GDP_WB_Data_202505!A204 -> TRUE
A205: French Polynesia | B205: PYF | C205: Population, total | D205: SP.POP.TOTL | E205: 83671 | F205: 85434 | G205: 87261 | H205: 89737 | I205: 92823 | J205: 96017 | K205: 99320 | L205: 102754 | M205: 106353 | N205: 110111 | O205: 114010 | P205: 117945 | Q205: 121886 | R205: 125897 | S205: 129960 | T205: 134045 | U205: 138114 | V205: 142313 | W205: 146821 | X205: 151569 | Y205: 156471 | Z205: 161506 | AA205: 166646 | AB205: 171750 | AC205: 176469 | AD205: 180988 | AE205: 185669 | AF205: 190449 | AG205: 195193 | AH205: 199643 | AI205: 203776 | AJ205: 207744 | AK205: 211559 | AL205: 215219 | AM205: 218738 | AN205: 222118 | AO205: 225489 | AP205: 229121 | AQ205: 232891 | AR205: 236595 | AS205: 240337 | AT205: 244097 | AU205: 247775 | AV205: 251637 | AW205: 255654 | AX205: 259507 | AY205: 263223 | AZ205: 266438 | BA205: 268379 | BB205: 269481 | BC205: 270580 | BD205: 271727 | BE205: 273084 | BF205: 274728 | BG205: 276387 | BH205: 277866 | BI205: 279178 | BJ205: 280087 | BK205: 279815 | BL205: 279034 | BM205: 279209 | BN205: 279792 | BO205: 280378 | BP205: 281118 | BQ205: =BP205 -> 281118 | BR205: =IF(ISERROR(INDEX(GDP!$A:$A, MATCH($A205, GDP!$A:$A, 0 ) )), "No", "Yes") -> No | BS205: =A205=GDP_WB_Data_202505!A205 -> TRUE
A206: Qatar | B206: QAT | C206: Population, total | D206: SP.POP.TOTL | E206: 36010 | F206: 39680 | G206: 44630 | H206: 50380 | I206: 56867 | J206: 64065 | K206: 72192 | L206: 81439 | M206: 91749 | N206: 103025 | O206: 116350 | P206: 131346 | Q206: 146506 | R206: 161841 | S206: 177362 | T206: 193087 | U206: 209052 | V206: 225285 | W206: 241808 | X206: 258670 | Y206: 275913 | Z206: 293553 | AA206: 311537 | AB206: 329709 | AC206: 347878 | AD206: 365940 | AE206: 382422 | AF206: 397005 | AG206: 411264 | AH206: 425646 | AI206: 440175 | AJ206: 454853 | AK206: 469657 | AL206: 484545 | AM206: 499459 | AN206: 514325 | AO206: 529019 | AP206: 550500 | AQ206: 580540 | AR206: 612500 | AS206: 644989 | AT206: 677925 | AU206: 711205 | AV206: 744682 | AW206: 773332 | AX206: 825408 | AY206: 972831 | AZ206: 1208595 | BA206: 1426938 | BB206: 1608903 | BC206: 1616832 | BD206: 1624761 | BE206: 1722438 | BF206: 1916426 | BG206: 2151745 | BH206: 2344557 | BI206: 2477113 | BJ206: 2545820 | BK206: 2580734 | BL206: 2638657 | BM206: 2794148 | BN206: 2504910 | BO206: 2657333 | BP206: 2656032 | BQ206: =BP206 -> 2656032 | BR206: =IF(ISERROR(INDEX(GDP!$A:$A, MATCH($A206, GDP!$A:$A, 0 ) )), "No", "Yes") -> No | BS206: =A206=GDP_WB_Data_202505!A206 -> TRUE
A207: Romania | B207: ROU | C207: Population, total | D207: SP.POP.TOTL | E207: 18406905 | F207: 18555250 | G207: 18676550 | H207: 18797850 | I207: 18919126 | J207: 19031576 | K207: 19215450 | L207: 19534242 | M207: 19799831 | N207: 20009141 | O207: 20250398 | P207: 20461567 | Q207: 20657957 | R207: 20835681 | S207: 21029429 | T207: 21293583 | U207: 21551634 | V207: 21756096 | W207: 21951464 | X207: 22090488 | Y207: 22207282 | Z207: 22353070 | AA207: 22475741 | AB207: 22560478 | AC207: 22640547 | AD207: 22732999 | AE207: 22836841 | AF207: 22949430 | AG207: 23057662 | AH207: 23161458 | AI207: 23201835 | AJ207: 23001155 | AK207: 22794284 | AL207: 22763280 | AM207: 22730211 | AN207: 22684270 | AO207: 22619004 | AP207: 22553978 | AQ207: 22507344 | AR207: 22472040 | AS207: 22442971 | AT207: 22131970 | AU207: 21730496 | AV207: 21574326 | AW207: 21451748 | AX207: 21319685 | AY207: 21193760 | AZ207: 20882982 | BA207: 20537875 | BB207: 20367487 | BC207: 20246871 | BD207: 20147528 | BE207: 20058035 | BF207: 19983693 | BG207: 19908979 | BH207: 19815616 | BI207: 19702267 | BJ207: 19588715 | BK207: 19473970 | BL207: 19371648 | BM207: 19265250 | BN207: 19122059 | BO207: 19048502 | BP207: 19059479 | BQ207: =BP207 -> 19059479 | BR207: =IF(ISERROR(INDEX(GDP!$A:$A, MATCH($A207, GDP!$A:$A, 0 ) )), "No", "Yes") -> Yes | BS207: =A207=GDP_WB_Data_202505!A207 -> TRUE
A208: Russian Federation | B208: RUS | C208: Population, total | D208: SP.POP.TOTL | E208: 119897000 | F208: 121236000 | G208: 122591000 | H208: 123960000 | I208: 125345000 | J208: 126745000 | K208: 127468000 | L208: 128196000 | M208: 128928000 | N208: 129664000 | O208: 130404000 | P208: 131155000 | Q208: 131909000 | R208: 132669000 | S208: 133432000 | T208: 134200000 | U208: 135147000 | V208: 136100000 | W208: 137060000 | X208: 138027000 | Y208: 139010000 | Z208: 139941000 | AA208: 140823000 | AB208: 141668000 | AC208: 142745000 | AD208: 143858000 | AE208: 144894000 | AF208: 145908000 | AG208: 146857000 | AH208: 147721000 | AI208: 147969406 | AJ208: 148394216 | AK208: 148538197 | AL208: 148458777 | AM208: 148407912 | AN208: 148375787 | AO208: 148160129 | AP208: 147915361 | AQ208: 147670784 | AR208: 147214776 | AS208: 146596869 | AT208: 145976482 | AU208: 145306497 | AV208: 144648618 | AW208: 144067316 | AX208: 143518814 | AY208: 143049637 | AZ208: 142805114 | BA208: 142742366 | BB208: 142785348 | BC208: 142849468 | BD208: 143018195 | BE208: 143378447 | BF208: 143805638 | BG208: 144237223 | BH208: 144640716 | BI208: 145015460 | BJ208: 145293260 | BK208: 145398106 | BL208: 145453291 | BM208: 145245148 | BN208: 144746762 | BO208: 144236933 | BP208: 143826130 | BQ208: =BP208 -> 143826130 | BR208: =IF(ISERROR(INDEX(GDP!$A:$A, MATCH($A208, GDP!$A:$A, 0 ) )), "No", "Yes") -> No | BS208: =A208=GDP_WB_Data_202505!A208 -> TRUE
A209: Rwanda | B209: RWA | C209: Population, total | D209: SP.POP.TOTL | E209: 3022294 | F209: 3106779 | G209: 3186025 | H209: 3258890 | I209: 3334834 | J209: 3423210 | K209: 3521626 | L209: 3629577 | M209: 3744010 | N209: 3861271 | O209: 3980669 | P209: 4100044 | Q209: 4220335 | R209: 4345047 | S209: 4474228 | T209: 4607728 | U209: 4745954 | V209: 4888240 | W209: 5035171 | X209: 5189541 | Y209: 5353259 | Z209: 5527230 | AA209: 5711549 | AB209: 5905311 | AC209: 6107627 | AD209: 6317228 | AE209: 6531881 | AF209: 6749493 | AG209: 6968071 | AH209: 7184706 | AI209: 7375307 | AJ209: 7526966 | AK209: 7683266 | AL209: 7981132 | AM209: 6792352 | AN209: 5674118 | AO209: 6708764 | AP209: 7755238 | AQ209: 8081681 | AR209: 8147912 | AS209: 8213931 | AT209: 8287094 | AU209: 8400180 | AV209: 8586875 | AW209: 8816844 | AX209: 9054528 | AY209: 9299246 | AZ209: 9549933 | BA209: 9804269 | BB209: 10060432 | BC209: 10317553 | BD209: 10573733 | BE209: 10829901 | BF209: 11093340 | BG209: 11364757 | BH209: 11640022 | BI209: 11919183 | BJ209: 12202060 | BK209: 12487996 | BL209: 12776103 | BM209: 13065837 | BN209: 13355260 | BO209: 13651030 | BP209: 13954471 | BQ209: =BP209 -> 13954471 | BR209: =IF(ISERROR(INDEX(GDP!$A:$A, MATCH($A209, GDP!$A:$A, 0 ) )), "No", "Yes") -> No | BS209: =A209=GDP_WB_Data_202505!A209 -> TRUE
A210: South Asia | B210: SAS | C210: Population, total | D210: SP.POP.TOTL | E210: 562663671 | F210: 576552257 | G210: 590723078 | H210: 605163476 | I210: 619975727 | J210: 634743361 | K210: 649326080 | L210: 664339452 | M210: 679739334 | N210: 695251697 | O210: 711535056 | P210: 727496928 | Q210: 743820087 | R210: 761620615 | S210: 780131997 | T210: 799327643 | U210: 818897740 | V210: 839003065 | W210: 859247929 | X210: 880093189 | Y210: 901830096 | Z210: 923378190 | AA210: 945429976 | AB210: 968588030 | AC210: 992249656 | AD210: 1016278162 | AE210: 1040673027 | AF210: 1065320678 | AG210: 1090292188 | AH210: 1115781733 | AI210: 1141498254 | AJ210: 1167357434 | AK210: 1193900392 | AL210: 1221219670 | AM210: 1248304394 | AN210: 1275163648 | AO210: 1302319006 | AP210: 1329609793 | AQ210: 1357088282 | AR210: 1384716971 | AS210: 1412194936 | AT210: 1439704270 | AU210: 1467185462 | AV210: 1494191087 | AW210: 1520797241 | AX210: 1546744163 | AY210: 1572294133 | AZ210: 1597352539 | BA210: 1622028899 | BB210: 1647212835 | BC210: 1672490146 | BD210: 1697466396 | BE210: 1721780232 | BF210: 1744358673 | BG210: 1766896416 | BH210: 1788492725 | BI210: 1809951345 | BJ210: 1831474329 | BK210: 1852836645 | BL210: 1874070006 | BM210: 1895144142 | BN210: 1914263569 | BO210: 1932289074 | BP210: 1951539835 | BQ210: =BP210 -> 1951539835 | BR210: =IF(ISERROR(INDEX(GDP!$A:$A, MATCH($A210, GDP!$A:$A, 0 ) )), "No", "Yes") -> No | BS210: =A210=GDP_WB_Data_202505!A210 -> TRUE
A211: Saudi Arabia | B211: SAU | C211: Population, total | D211: SP.POP.TOTL | E211: 2435403 | F211: 2526347 | G211: 2620910 | H211: 2719341 | I211: 2821968 | J211: 2928771 | K211: 3039887 | L211: 3157242 | M211: 3282711 | N211: 3417114 | O211: 3562470 | P211: 3724031 | Q211: 3905722 | R211: 4106344 | S211: 4323632 | T211: 4556287 | U211: 4807933 | V211: 5083048 | W211: 5381902 | X211: 5703698 | Y211: 6047997 | Z211: 6420551 | AA211: 6824486 | AB211: 7252941 | AC211: 7697307 | AD211: 8151779 | AE211: 8628639 | AF211: 9130194 | AG211: 9629165 | AH211: 10128394 | AI211: 10640691 | AJ211: 11160744 | AK211: 11686676 | AL211: 12215862 | AM211: 12750040 | AN211: 13289245 | AO211: 13831009 | AP211: 14374943 | AQ211: 14922185 | AR211: 15472075 | AS211: 16177722 | AT211: 17041397 | AU211: 17910910 | AV211: 18786767 | AW211: 19669480 | AX211: 20559890 | AY211: 21459144 | AZ211: 22368313 | BA211: 23287877 | BB211: 24217654 | BC211: 23978487 | BD211: 25091867 | BE211: 26168861 | BF211: 27624004 | BG211: 28309273 | BH211: 29816382 | BI211: 30954198 | BJ211: 30977355 | BK211: 30196281 | BL211: 30063799 | BM211: 31552510 | BN211: 30784383 | BO211: 32175224 | BP211: 33264292 | BQ211: =BP211 -> 33264292 | BR211: =IF(ISERROR(INDEX(GDP!$A:$A, MATCH($A211, GDP!$A:$A, 0 ) )), "No", "Yes") -> No | BS211: =A211=GDP_WB_Data_202505!A211 -> TRUE
A212: Sudan | B212: SDN | C212: Population, total | D212: SP.POP.TOTL | E212: 8364489 | F212: 8634941 | G212: 8919028 | H212: 9218077 | I212: 9531109 | J212: 9858030 | K212: 10197578 | L212: 10550597 | M212: 10917999 | N212: 11298936 | O212: 11695771 | P212: 12105539 | Q212: 12527856 | R212: 13049315 | S212: 13580723 | T212: 14064798 | U212: 14569716 | V212: 15086614 | W212: 15695003 | X212: 16355352 | Y212: 17058905 | Z212: 17780572 | AA212: 18486645 | AB212: 19109770 | AC212: 19546528 | AD212: 19905872 | AE212: 20288238 | AF212: 20704904 | AG212: 21138431 | AH212: 21578022 | AI212: 22021481 | AJ212: 22470676 | AK212: 22927355 | AL212: 23445592 | AM212: 24043948 | AN212: 24672143 | AO212: 25231528 | AP212: 25799821 | AQ212: 26458999 | AR212: 27130613 | AS212: 27816745 | AT212: 28516770 | AU212: 29228727 | AV212: 29896035 | AW212: 30556637 | AX212: 31262444 | AY212: 31992435 | AZ212: 32764135 | BA212: 33623980 | BB212: 34569113 | BC212: 35414399 | BD212: 36140806 | BE212: 36923178 | BF212: 37785849 | BG212: 38823318 | BH212: 40024431 | BI212: 41259892 | BJ212: 42714306 | BK212: 44230596 | BL212: 45548175 | BM212: 46789231 | BN212: 48066924 | BO212: 49383346 | BP212: 50042791 | BQ212: =BP212 -> 50042791 | BR212: =IF(ISERROR(INDEX(GDP!$A:$A, MATCH($A212, GDP!$A:$A, 0 ) )), "No", "Yes") -> No | BS212: =A212=GDP_WB_Data_202505!A212 -> TRUE
A213: Senegal | B213: SEN | C213: Population, total | D213: SP.POP.TOTL | E213: 3340907 | F213: 3436375 | G213: 3534686 | H213: 3635876 | I213: 3740535 | J213: 3849788 | K213: 3964299 | L213: 4083870 | M213: 4207587 | N213: 4334974 | O213: 4466328 | P213: 4601864 | Q213: 4741631 | R213: 4885181 | S213: 5029437 | T213: 5170810 | U213: 5308564 | V213: 5439549 | W213: 5568096 | X213: 5702895 | Y213: 5845638 | Z213: 5997160 | AA213: 6156961 | AB213: 6324504 | AC213: 6499364 | AD213: 6683287 | AE213: 6878192 | AF213: 7081530 | AG213: 7289618 | AH213: 7502207 | AI213: 7720523 | AJ213: 7943085 | AK213: 8168395 | AL213: 8396288 | AM213: 8624078 | AN213: 8848101 | AO213: 9067014 | AP213: 9283495 | AQ213: 9502952 | AR213: 9730887 | AS213: 9968260 | AT213: 10212942 | AU213: 10466214 | AV213: 10721176 | AW213: 10975704 | AX213: 11235472 | AY213: 11500094 | AZ213: 11770344 | BA213: 12048959 | BB213: 12337389 | BC213: 12635413 | BD213: 12958897 | BE213: 13310495 | BF213: 13710849 | BG213: 14152102 | BH213: 14593331 | BI213: 15034521 | BJ213: 15475002 | BK213: 15914498 | BL213: 16352922 | BM213: 16789219 | BN213: 17220867 | BO213: 17651103 | BP213: 18077573 | BQ213: =BP213 -> 18077573 | BR213: =IF(ISERROR(INDEX(GDP!$A:$A, MATCH($A213, GDP!$A:$A, 0 ) )), "No", "Yes") -> No | BS213: =A213=GDP_WB_Data_202505!A213 -> TRUE
A214: Singapore | B214: SGP | C214: Population, total | D214: SP.POP.TOTL | E214: 1646400 | F214: 1702400 | G214: 1750200 | H214: 1795000 | I214: 1841600 | J214: 1886900 | K214: 1934400 | L214: 1977600 | M214: 2012000 | N214: 2042500 | O214: 2074507 | P214: 2112900 | Q214: 2152400 | R214: 2193000 | S214: 2229800 | T214: 2262600 | U214: 2293300 | V214: 2325300 | W214: 2353600 | X214: 2383500 | Y214: 2413945 | Z214: 2532835 | AA214: 2646466 | AB214: 2681061 | AC214: 2732221 | AD214: 2735957 | AE214: 2733373 | AF214: 2774789 | AG214: 2846108 | AH214: 2930901 | AI214: 3047132 | AJ214: 3135083 | AK214: 3230698 | AL214: 3313471 | AM214: 3419048 | AN214: 3524506 | AO214: 3670704 | AP214: 3796038 | AQ214: 3927213 | AR214: 3958723 | AS214: 4027887 | AT214: 4138012 | AU214: 4175950 | AV214: 4114826 | AW214: 4166664 | AX214: 4265762 | AY214: 4401365 | AZ214: 4588599 | BA214: 4839396 | BB214: 4987573 | BC214: 5076732 | BD214: 5183688 | BE214: 5312437 | BF214: 5399162 | BG214: 5469724 | BH214: 5535002 | BI214: 5607283 | BJ214: 5612253 | BK214: 5638676 | BL214: 5703569 | BM214: 5685807 | BN214: 5453566 | BO214: 5637022 | BP214: 5917648 | BQ214: =BP214 -> 5917648 | BR214: =IF(ISERROR(INDEX(GDP!$A:$A, MATCH($A214, GDP!$A:$A, 0 ) )), "No", "Yes") -> No | BS214: =A214=GDP_WB_Data_202505!A214 -> TRUE
... A271: Zimbabwe | B271: ZWE | C271: Population, total | D271: SP.POP.TOTL | E271: 3809389 | F271: 3930401 | G271: 4055959 | H271: 4185877 | I271: 4320006 | J271: 4458462 | K271: 4601217 | L271: 4748307 | M271: 4900440 | N271: 5058181 | O271: 5215918 | P271: 5374712 | Q271: 5542445 | R271: 5720404 | S271: 5908328 | T271: 6098658 | U271: 6287105 | V271: 6449512 | W271: 6543575 | X271: 6647556 | Y271: 7041303 | Z271: 7498635 | AA271: 7796496 | AB271: 8098404 | AC271: 8391488 | AD271: 8686813 | AE271: 8982578 | AF271: 9284644 | AG271: 9583094 | AH271: 9864798 | AI271: 10137281 | AJ271: 10404816 | AK271: 10702700 | AL271: 10860288 | AM271: 10873148 | AN271: 10974599 | AO271: 11158360 | AP271: 11369827 | AQ271: 11594297 | AR271: 11783458 | AS271: 11892055 | AT271: 11971901 | AU271: 12087653 | AV271: 12232323 | AW271: 12365896 | AX271: 12483432 | AY271: 12636445 | AZ271: 12804058 | BA271: 12959149 | BB271: 13142790 | BC271: 13356548 | BD271: 13595424 | BE271: 13817887 | BF271: 14013808 | BG271: 14207359 | BH271: 14399013 | BI271: 14600294 | BJ271: 14812482 | BK271: 15034452 | BL271: 15271368 | BM271: 15526888 | BN271: 15797210 | BO271: 16069056 | BP271: 16340822 | BQ271: =BP271 -> 16340822 | BR271: =IF(ISERROR(INDEX(GDP!$A:$A, MATCH($A271, GDP!$A:$A, 0 ) )), "No", "Yes") -> No | BS271: =A271=GDP_WB_Data_202505!A271 -> TRUE

Sheet GDP_WB_Data_202505
A1: Data Source | B1: World Development Indicators
A3: Last Updated Date | B3: 45762
A5: Country Name | B5: Country Code | C5: Indicator Name | D5: Indicator Code | E5: 1960 | F5: 1961 | G5: 1962 | H5: 1963 | I5: 1964 | J5: 1965 | K5: 1966 | L5: 1967 | M5: 1968 | N5: 1969 | O5: 1970 | P5: 1971 | Q5: 1972 | R5: 1973 | S5: 1974 | T5: 1975 | U5: 1976 | V5: 1977 | W5: 1978 | X5: 1979 | Y5: 1980 | Z5: 1981 | AA5: 1982 | AB5: 1983 | AC5: 1984 | AD5: 1985 | AE5: 1986 | AF5: 1987 | AG5: 1988 | AH5: 1989 | AI5: 1990 | AJ5: 1991 | AK5: 1992 | AL5: 1993 | AM5: 1994 | AN5: 1995 | AO5: 1996 | AP5: 1997 | AQ5: 1998 | AR5: 1999 | AS5: 2000 | AT5: 2001 | AU5: 2002 | AV5: 2003 | AW5: 2004 | AX5: 2005 | AY5: 2006 | AZ5: 2007 | BA5: 2008 | BB5: 2009 | BC5: 2010 | BD5: 2011 | BE5: 2012 | BF5: 2013 | BG5: 2014 | BH5: 2015 | BI5: 2016 | BJ5: 2017 | BK5: 2018 | BL5: 2019 | BM5: 2020 | BN5: 2021 | BO5: 2022 | BP5: 2023 | BQ5: 2024 | BR5: Included
A6: Aruba | B6: ABW | C6: GDP (current US$) | D6: NY.GDP.MKTP.CD | AE6: 4.0558659e+08 | AF6: 4.877095e+08 | AG6: 5.9664804e+08 | AH6: 6.9553073e+08 | AI6: 7.6480447e+08 | AJ6: 8.7206704e+08 | AK6: 9.5865922e+08 | AL6: 1.0832402e+09 | AM6: 1.2458101e+09 | AN6: 1.3206704e+09 | AO6: 1.3798883e+09 | AP6: 1.5318436e+09 | AQ6: 1.6653631e+09 | AR6: 1.722905e+09 | AS6: 1.8734525e+09 | AT6: 1.896457e+09 | AU6: 1.9618436e+09 | AV6: 2.0441117e+09 | AW6: 2.2548307e+09 | AX6: 2.3600173e+09 | AY6: 2.4697827e+09 | AZ6: 2.6776413e+09 | BA6: 2.8430246e+09 | BB6: 2.5537933e+09 | BC6: 2.4535972e+09 | BD6: 2.6378592e+09 | BE6: 2.6152084e+09 | BF6: 2.7278497e+09 | BG6: 2.7908497e+09 | BH6: 2.9629073e+09 | BI6: 2.9836352e+09 | BJ6: 3.0924291e+09 | BK6: 3.2761844e+09 | BL6: 3.3957989e+09 | BM6: 2.4818571e+09 | BN6: 2.9294466e+09 | BO6: 3.2793435e+09 | BP6: 3.6485731e+09 | BQ6: =BP6 -> 3.6485731e+09 | BR6: =IF(ISERROR(INDEX(GDP!$A:$A, MATCH($A6, GDP!$A:$A, 0 ) )), "No", "Yes") -> No
A7: Africa Eastern and Southern | B7: AFE | C7: GDP (current US$) | D7: NY.GDP.MKTP.CD | E7: 2.4210633e+10 | F7: 2.4963978e+10 | G7: 2.7078797e+10 | H7: 3.1775749e+10 | I7: 3.0285794e+10 | J7: 3.3813171e+10 | K7: 3.6934975e+10 | L7: 3.8452171e+10 | M7: 4.1750717e+10 | N7: 4.7058301e+10 | O7: 4.7603734e+10 | P7: 5.2199396e+10 | Q7: 5.6737525e+10 | R7: 7.3098452e+10 | S7: 8.9554214e+10 | T7: 9.5315091e+10 | U7: 9.6025946e+10 | V7: 1.0923077e+11 | W7: 1.2410935e+11 | X7: 1.4212955e+11 | Y7: 1.7850936e+11 | Z7: 1.8516315e+11 | AA7: 1.784051e+11 | AB7: 1.8582257e+11 | AC7: 1.7010008e+11 | AD7: 1.4939817e+11 | AE7: 1.606377e+11 | AF7: 1.9027454e+11 | AG7: 2.0747033e+11 | AH7: 2.2071247e+11 | AI7: 2.5651231e+11 | AJ7: 2.7649366e+11 | AK7: 2.4127631e+11 | AL7: 2.4009633e+11 | AM7: 2.4357115e+11 | AN7: 2.7343318e+11 | AO7: 2.7353101e+11 | AP7: 2.8837767e+11 | AQ7: 2.6883348e+11 | AR7: 2.6542929e+11 | AS7: 2.8720165e+11 | AT7: 2.6099223e+11 | AU7: 2.6781504e+11 | AV7: 3.5571637e+11 | AW7: 4.4269619e+11 | AX7: 5.1666107e+11 | AY7: 5.8024075e+11 | AZ7: 6.655987e+11 | BA7: 7.1350211e+11 | BB7: 7.1548533e+11 | BC7: 8.4940966e+11 | BD7: 9.4543915e+11 | BE7: 9.5299856e+11 | BF7: 9.6239492e+11 | BG7: 9.7870826e+11 | BH7: 8.9827781e+11 | BI7: 8.2894281e+11 | BJ7: 9.7299893e+11 | BK7: 1.012306e+12 | BL7: 1.0097212e+12 | BM7: 9.3339178e+11 | BN7: 1.0857452e+12 | BO7: 1.1914232e+12 | BP7: 1.2454725e+12 | BQ7: =BP7 -> 1.2454725e+12 | BR7: =IF(ISERROR(INDEX(GDP!$A:$A, MATCH($A7, GDP!$A:$A, 0 ) )), "No", "Yes") -> No
A8: Afghanistan | B8: AFG | C8: GDP (current US$) | D8: NY.GDP.MKTP.CD | AS8: 3.5214181e+09 | AT8: 2.8135718e+09 | AU8: 3.8257014e+09 | AV8: 4.5209468e+09 | AW8: 5.2248967e+09 | AX8: 6.2032565e+09 | AY8: 6.9717583e+09 | AZ8: 9.7478862e+09 | BA8: 1.0109297e+10 | BB8: 1.2416153e+10 | BC8: 1.5856669e+10 | BD8: 1.7805098e+10 | BE8: 1.990733e+10 | BF8: 2.0146417e+10 | BG8: 2.0497129e+10 | BH8: 1.9134222e+10 | BI8: 1.8116572e+10 | BJ8: 1.8753456e+10 | BK8: 1.8053223e+10 | BL8: 1.8799444e+10 | BM8: 1.9955929e+10 | BN8: 1.4259995e+10 | BO8: 1.4497244e+10 | BP8: 1.7233052e+10 | BQ8: =BP8 -> 1.7233052e+10 | BR8: =IF(ISERROR(INDEX(GDP!$A:$A, MATCH($A8, GDP!$A:$A, 0 ) )), "No", "Yes") -> Yes
A9: Africa Western and Central | B9: AFW | C9: GDP (current US$) | D9: NY.GDP.MKTP.CD | E9: 1.1904954e+10 | F9: 1.2707878e+10 | G9: 1.3630759e+10 | H9: 1.4469094e+10 | I9: 1.5803762e+10 | J9: 1.6921088e+10 | K9: 1.8034173e+10 | L9: 1.6493747e+10 | M9: 1.7022809e+10 | N9: 1.9301433e+10 | O9: 2.6697257e+10 | P9: 2.4497092e+10 | Q9: 2.9489793e+10 | R9: 3.6891093e+10 | S9: 4.9687843e+10 | T9: 5.7280831e+10 | U9: 6.8386405e+10 | V9: 7.1790393e+10 | W9: 7.8779063e+10 | X9: 9.6682271e+10 | Y9: 1.2050129e+11 | Z9: 2.1691093e+11 | AA9: 1.959183e+11 | AB9: 1.5122259e+11 | AC9: 1.3121818e+11 | AD9: 1.3780292e+11 | AE9: 1.09237e+11 | AF9: 1.1229477e+11 | AG9: 1.1122715e+11 | AH9: 1.0393437e+11 | AI9: 1.2371132e+11 | AJ9: 1.2994188e+11 | AK9: 1.2459933e+11 | AL9: 1.297326e+11 | AM9: 1.3477683e+11 | AN9: 2.0717697e+11 | AO9: 2.6260087e+11 | AP9: 2.7574225e+11 | AQ9: 2.9615243e+11 | AR9: 1.3946835e+11 | AS9: 1.4214008e+11 | AT9: 1.5005848e+11 | AU9: 1.7939007e+11 | AV9: 2.0775499e+11 | AW9: 2.5690777e+11 | AX9: 3.1332753e+11 | AY9: 3.9813966e+11 | AZ9: 4.6688369e+11 | BA9: 5.6932167e+11 | BB9: 5.0991773e+11 | BC9: 6.0015267e+11 | BD9: 6.8388813e+11 | BE9: 7.3993808e+11 | BF9: 8.3693736e+11 | BG9: 8.9741571e+11 | BH9: 7.7176691e+11 | BI9: 6.9436098e+11 | BJ9: 6.878492e+11 | BK9: 7.7049499e+11 | BL9: 8.2648377e+11 | BM9: 7.8980165e+11 | BN9: 8.4931242e+11 | BO9: 8.8397391e+11 | BP9: 7.9910595e+11 | BQ9: =BP9 -> 7.9910595e+11 | BR9: =IF(ISERROR(INDEX(GDP!$A:$A, MATCH($A9, GDP!$A:$A, 0 ) )), "No", "Yes") -> No
A10: Angola | B10: AGO | C10: GDP (current US$) | D10: NY.GDP.MKTP.CD | Y10: 5.9305034e+09 | Z10: 5.550483e+09 | AA10: 5.550483e+09 | AB10: 5.7843416e+09 | AC10: 6.1314751e+09 | AD10: 7.5540654e+09 | AE10: 7.0725361e+09 | AF10: 8.0844124e+09 | AG10: 8.7698368e+09 | AH10: 1.0201781e+10 | AI10: 1.1229516e+10 | AJ10: 1.0603785e+10 | AK10: 8.307811e+09 | AL10: 5.7687204e+09 | AM10: 4.438321e+09 | AN10: 5.5387493e+09 | AO10: 7.5264466e+09 | AP10: 7.6483774e+09 | AQ10: 6.5062296e+09 | AR10: 6.1529233e+09 | AS10: 9.129595e+09 | AT10: 8.9360791e+09 | AU10: 1.5285592e+10 | AV10: 1.7812705e+10 | AW10: 2.3552058e+10 | AX10: 3.6970901e+10 | AY10: 5.2381025e+10 | AZ10: 6.5266415e+10 | BA10: 8.8538665e+10 | BB10: 7.0307196e+10 | BC10: 8.3799474e+10 | BD10: 1.1178975e+11 | BE10: 1.2805292e+11 | BF10: 1.3233911e+11 | BG10: 1.359668e+11 | BH10: 9.0496421e+10 | BI10: 5.2761617e+10 | BJ10: 7.3690155e+10 | BK10: 7.9450688e+10 | BL10: 7.0897963e+10 | BM10: 4.8501561e+10 | BN10: 6.650513e+10 | BO10: 1.0439975e+11 | BP10: 8.4824654e+10 | BQ10: =BP10 -> 8.4824654e+10 | BR10: =IF(ISERROR(INDEX(GDP!$A:$A, MATCH($A10, GDP!$A:$A, 0 ) )), "No", "Yes") -> Yes
A11: Albania | B11: ALB | C11: GDP (current US$) | D11: NY.GDP.MKTP.CD | Y11: 1.5781021e+09 | Z11: 1.8081772e+09 | AA11: 1.8611632e+09 | AB11: 1.8814126e+09 | AC11: 1.857338e+09 | AD11: 1.8970501e+09 | AE11: 2097326250 | AF11: 2080796250 | AG11: 2051236250 | AH11: 2253090000 | AI11: 2028553750 | AJ11: 1.099559e+09 | AK11: 6.5217499e+08 | AL11: 1.1853155e+09 | AM11: 1.8809509e+09 | AN11: 2.3927649e+09 | AO11: 3.1996408e+09 | AP11: 2.258514e+09 | AQ11: 2.5459645e+09 | AR11: 3.2121217e+09 | AS11: 3.4803553e+09 | AT11: 3.9221008e+09 | AU11: 4.3480682e+09 | AV11: 5.6114963e+09 | AW11: 7.1846858e+09 | AX11: 8.0520772e+09 | AY11: 8.896075e+09 | AZ11: 1.0677325e+10 | BA11: 1.2881353e+10 | BB11: 1.2044206e+10 | BC11: 1.1926927e+10 | BD11: 1.289076e+10 | BE11: 1.2319834e+10 | BF11: 1.2776224e+10 | BG11: 1.3228148e+10 | BH11: 1.1386853e+10 | BI11: 1.18612e+10 | BJ11: 1.3019726e+10 | BK11: 1.537951e+10 | BL11: 1.5585105e+10 | BM11: 1.5241459e+10 | BN11: 1.8032011e+10 | BO11: 1.9017243e+10 | BP11: 2.354718e+10 | BQ11: =BP11 -> 2.354718e+10 | BR11: =IF(ISERROR(INDEX(GDP!$A:$A, MATCH($A11, GDP!$A:$A, 0 ) )), "No", "Yes") -> No
A12: Andorra | B12: AND | C12: GDP (current US$) | D12: NY.GDP.MKTP.CD | O12: 78617711 | P12: 89406608 | Q12: 1.134144e+08 | R12: 1.5084164e+08 | S12: 1.8655708e+08 | T12: 2.2011257e+08 | U12: 2.2728385e+08 | V12: 2.539979e+08 | W12: 3.0802026e+08 | X12: 4.1154875e+08 | Y12: 4.4637778e+08 | Z12: 3.8898327e+08 | AA12: 3.7591474e+08 | AB12: 3.2785004e+08 | AC12: 3.3007308e+08 | AD12: 3.4674271e+08 | AE12: 4.8199601e+08 | AF12: 6.1129992e+08 | AG12: 7.2142594e+08 | AH12: 7.9548958e+08 | AI12: 1.0289897e+09 | AJ12: 1.1068914e+09 | AK12: 1.209992e+09 | AL12: 1.0070903e+09 | AM12: 1.0175441e+09 | AN12: 1.1787453e+09 | AO12: 1.2240241e+09 | AP12: 1.1806456e+09 | AQ12: 1.211954e+09 | AR12: 1.2402952e+09 | AS12: 1.4326062e+09 | AT12: 1.5482658e+09 | AU12: 1.7642798e+09 | AV12: 2.3669418e+09 | AW12: 2.9002453e+09 | AX12: 3.1610841e+09 | AY12: 3.459338e+09 | AZ12: 3.9576254e+09 | BA12: 4.1023194e+09 | BB12: 3.6889763e+09 | BC12: 3.4499257e+09 | BD12: 3.6291336e+09 | BE12: 3.1886528e+09 | BF12: 3.193513e+09 | BG12: 3.2716856e+09 | BH12: 2.7898813e+09 | BI12: 2.8966105e+09 | BJ12: 3.0001621e+09 | BK12: 3.2184199e+09 | BL12: 3.1551493e+09 | BM12: 2.8910011e+09 | BN12: 3.3246475e+09 | BO12: 3.3806126e+09 | BP12: 3.7850673e+09 | BQ12: =BP12 -> 3.7850673e+09 | BR12: =IF(ISERROR(INDEX(GDP!$A:$A, MATCH($A12, GDP!$A:$A, 0 ) )), "No", "Yes") -> No
A13: Arab World | B13: ARB | C13: GDP (current US$) | D13: NY.GDP.MKTP.CD | F13: 1.9997084e+10 | G13: 2.0327671e+10 | H13: 2.2362958e+10 | I13: 2.4811627e+10 | J13: 2.676929e+10 | K13: 2.8349127e+10 | L13: 3.0598798e+10 | M13: 3.4970677e+10 | N13: 3.8561008e+10 | O13: 4.3091222e+10 | P13: 4.9926771e+10 | Q13: 5.9966658e+10 | R13: 7.9125368e+10 | S13: 1.5218873e+11 | T13: 1.6815858e+11 | U13: 2.0999335e+11 | V13: 2.4227039e+11 | W13: 2.6539824e+11 | X13: 358111304338 | Y13: 4.8640583e+11 | Z13: 4.9491642e+11 | AA13: 4.6308047e+11 | AB13: 4.3747118e+11 | AC13: 4.4018215e+11 | AD13: 4.328682e+11 | AE13: 4.054732e+11 | AF13: 4.3125767e+11 | AG13: 4.2938283e+11 | AH13: 4.5736906e+11 | AI13: 6.4171224e+11 | AJ13: 4.6795289e+11 | AK13: 4.6779432e+11 | AL13: 4.7892702e+11 | AM13: 4.9988013e+11 | AN13: 5.2848049e+11 | AO13: 5.7090972e+11 | AP13: 6.1459697e+11 | AQ13: 5.9878959e+11 | AR13: 6.6541537e+11 | AS13: 7.6341164e+11 | AT13: 7.4472854e+11 | AU13: 7.4664926e+11 | AV13: 8.3007647e+11 | AW13: 9.8731601e+11 | AX13: 1.2100208e+12 | AY13: 1.439471e+12 | AZ13: 1.674641e+12 | BA13: 2.1180711e+12 | BB13: 1.8298496e+12 | BC13: 2.1553451e+12 | BD13: 2.5609933e+12 | BE13: 2.7953127e+12 | BF13: 2.8583828e+12 | BG13: 2.9056518e+12 | BH13: 2.544701e+12 | BI13: 2.5008234e+12 | BJ13: 2.572204e+12 | BK13: 2.8673485e+12 | BL13: 2.8990297e+12 | BM13: 2.5627836e+12 | BN13: 2.9692392e+12 | BO13: 3.6098057e+12 | BP13: 3.512421e+12 | BQ13: =BP13 -> 3.512421e+12 | BR13: =IF(ISERROR(INDEX(GDP!$A:$A, MATCH($A13, GDP!$A:$A, 0 ) )), "No", "Yes") -> No
A14: United Arab Emirates | B14: ARE | C14: GDP (current US$) | D14: NY.GDP.MKTP.CD | O14: 6.859867e+08 | P14: 9.398936e+08 | Q14: 1.4150869e+09 | R14: 4.2312436e+09 | S14: 1.1651506e+10 | T14: 1.4720728e+10 | U14: 1.9213159e+10 | V14: 2.4871775e+10 | W14: 2.3775764e+10 | X14: 3.122566e+10 | Y14: 4.359916e+10 | Z14: 4.9333424e+10 | AA14: 4.6622719e+10 | AB14: 4.2803323e+10 | AC14: 4.1807954e+10 | AD14: 4.060365e+10 | AE14: 3.3943612e+10 | AF14: 3.6384909e+10 | AG14: 3.6275674e+10 | AH14: 4.1464996e+10 | AI14: 5.0701444e+10 | AJ14: 5.1552166e+10 | AK14: 5.4239172e+10 | AL14: 5.562517e+10 | AM14: 5.9305094e+10 | AN14: 6.5743667e+10 | AO14: 7.3571234e+10 | AP14: 7.8839008e+10 | AQ14: 7.5674336e+10 | AR14: 8.4445473e+10 | AS14: 1.0433737e+11 | AT14: 1.0331164e+11 | AU14: 1.098162e+11 | AV14: 1.2434636e+11 | AW14: 1.4782437e+11 | AX14: 1.8061747e+11 | AY14: 2.2211654e+11 | AZ14: 2.5791613e+11 | BA14: 3.1547462e+11 | BB14: 2.5354736e+11 | BC14: 3.0018905e+11 | BD14: 3.6083274e+11 | BE14: 3.8461013e+11 | BF14: 4.0021853e+11 | BG14: 4.1410537e+11 | BH14: 3.7027547e+11 | BI14: 3.6925533e+11 | BJ14: 3.905168e+11 | BK14: 4.2704943e+11 | BL14: 4.1798972e+11 | BM14: 3.4947302e+11 | BN14: 4.1517879e+11 | BO14: 5.0273194e+11 | BP14: 5.1413043e+11 | BQ14: =BP14 -> 5.1413043e+11 | BR14: =IF(ISERROR(INDEX(GDP!$A:$A, MATCH($A14, GDP!$A:$A, 0 ) )), "No", "Yes") -> No
A15: Argentina | B15: ARG | C15: GDP (current US$) | D15: NY.GDP.MKTP.CD | G15: 2.4450605e+10 | H15: 1.8272124e+10 | I15: 2.5605249e+10 | J15: 2.8344706e+10 | K15: 2.8630475e+10 | L15: 2.4256668e+10 | M15: 2.6436857e+10 | N15: 3.1256285e+10 | O15: 3.158421e+10 | P15: 3.3293199e+10 | Q15: 3.4733001e+10 | R15: 5.2544e+10 | S15: 7.2436777e+10 | T15: 5.2438648e+10 | U15: 5.11695e+10 | V15: 5.6781e+10 | W15: 8.9049453e+10 | X15: 6.9252329e+10 | Y15: 7.6961924e+10 | Z15: 7.8676842e+10 | AA15: 8.4307487e+10 | AB15: 1.0397911e+11 | AC15: 1.1691505e+11 | AD15: 8.8150892e+10 | AE15: 1.0587237e+11 | AF15: 1.0881089e+11 | AG15: 1.2689024e+11 | AH15: 7.6629729e+10 | AI15: 1.4135263e+11 | AJ15: 1.8971998e+11 | AK15: 2.2877892e+11 | AL15: 2.3674172e+11 | AM15: 257440000000 | AN15: 258031750000 | AO15: 272149750000 | AP15: 292859000000 | AQ15: 298948250000 | AR15: 283523000000 | AS15: 284203750000 | AT15: 268696750000 | AU15: 9.7724004e+10 | AV15: 1.2758697e+11 | AW15: 1.6465793e+11 | AX15: 1.987371e+11 | AY15: 2.3255726e+11 | AZ15: 2.8753051e+11 | BA15: 3.6155804e+11 | BB15: 3.3297648e+11 | BC15: 4.2362742e+11 | BD15: 5.3015812e+11 | BE15: 5.4598238e+11 | BF15: 5.5202514e+11 | BG15: 5.2631967e+11 | BH15: 5.9474929e+11 | BI15: 5.5753232e+11 | BJ15: 6.4362839e+11 | BK15: 5.2481989e+11 | BL15: 4.4775468e+11 | BM15: 3.8574051e+11 | BN15: 4.8656409e+11 | BO15: 6.3279007e+11 | BP15: 6.4607528e+11 | BQ15: =BP15 -> 6.4607528e+11 | BR15: =IF(ISERROR(INDEX(GDP!$A:$A, MATCH($A15, GDP!$A:$A, 0 ) )), "No", "Yes") -> No
A16: Armenia | B16: ARM | C16: GDP (current US$) | D16: NY.GDP.MKTP.CD | AI16: 2.2568634e+09 | AJ16: 2.0698701e+09 | AK16: 1.2728355e+09 | AL16: 1.2013128e+09 | AM16: 1.3151586e+09 | AN16: 1.4683174e+09 | AO16: 1.5969689e+09 | AP16: 1.6394924e+09 | AQ16: 1.8937264e+09 | AR16: 1.8454822e+09 | AS16: 1.9115637e+09 | AT16: 2.1184679e+09 | AU16: 2.376335e+09 | AV16: 2.807061e+09 | AW16: 3.5766152e+09 | AX16: 4.9004695e+09 | AY16: 6.3844521e+09 | AZ16: 9.2063013e+09 | BA16: 1.1662041e+10 | BB16: 8.6479371e+09 | BC16: 9.2602858e+09 | BD16: 1.0142112e+10 | BE16: 1.0619321e+10 | BF16: 1.1121464e+10 | BG16: 1.1609513e+10 | BH16: 1.0553338e+10 | BI16: 1.0546136e+10 | BJ16: 1.1527459e+10 | BK16: 1.2457941e+10 | BL16: 1.3619291e+10 | BM16: 1.2641699e+10 | BN16: 1.3878909e+10 | BO16: 1.9513507e+10 | BP16: 2.408575e+10 | BQ16: =BP16 -> 2.408575e+10 | BR16: =IF(ISERROR(INDEX(GDP!$A:$A, MATCH($A16, GDP!$A:$A, 0 ) )), "No", "Yes") -> No
A17: American Samoa | B17: ASM | C17: GDP (current US$) | D17: NY.GDP.MKTP.CD | AU17: 512000000 | AV17: 524000000 | AW17: 509000000 | AX17: 500000000 | AY17: 493000000 | AZ17: 518000000 | BA17: 560000000 | BB17: 675000000 | BC17: 573000000 | BD17: 570000000 | BE17: 640000000 | BF17: 638000000 | BG17: 643000000 | BH17: 673000000 | BI17: 671000000 | BJ17: 612000000 | BK17: 639000000 | BL17: 647000000 | BM17: 721000000 | BN17: 750000000 | BO17: 871000000 | BQ17: =BP17 -> 0 | BR17: =IF(ISERROR(INDEX(GDP!$A:$A, MATCH($A17, GDP!$A:$A, 0 ) )), "No", "Yes") -> No
A18: Antigua and Barbuda | B18: ATG | C18: GDP (current US$) | D18: NY.GDP.MKTP.CD | V18: 77496296 | W18: 88033333 | X18: 1.0958519e+08 | Y18: 1.3244074e+08 | Z18: 1.4937778e+08 | AA18: 1.6642593e+08 | AB18: 1.8484815e+08 | AC18: 2.1219259e+08 | AD18: 2.4634444e+08 | AE18: 2.9753704e+08 | AF18: 3.4684074e+08 | AG18: 4.1137407e+08 | AH18: 4.5514815e+08 | AI18: 4.7869259e+08 | AJ18: 5.0430741e+08 | AK18: 5.251037e+08 | AL18: 5.6563333e+08 | AM18: 6.2505185e+08 | AN18: 6.1601481e+08 | AO18: 6.7911111e+08 | AP18: 7.3439259e+08 | AQ18: 7.8976296e+08 | AR18: 8.3551481e+08 | AS18: 9.0055185e+08 | AT18: 8.7751481e+08 | AU18: 8.9798889e+08 | AV18: 9.4795556e+08 | AW18: 1.0261815e+09 | AX18: 1.1437148e+09 | AY18: 1.3035481e+09 | AZ18: 1487300000 | BA18: 1.5575407e+09 | BB18: 1.3864444e+09 | BC18: 1.2982556e+09 | BD18: 1.281337e+09 | BE18: 1.3271074e+09 | BF18: 1.3254259e+09 | BG18: 1.3788296e+09 | BH18: 1.4377556e+09 | BI18: 1.4896926e+09 | BJ18: 1.5311519e+09 | BK18: 1.6615296e+09 | BL18: 1.7253519e+09 | BM18: 1.4107963e+09 | BN18: 1.6013667e+09 | BO18: 1.8677333e+09 | BP18: 2.0330852e+09 | BQ18: =BP18 -> 2.0330852e+09 | BR18: =IF(ISERROR(INDEX(GDP!$A:$A, MATCH($A18, GDP!$A:$A, 0 ) )), "No", "Yes") -> No
A19: Australia | B19: AUS | C19: GDP (current US$) | D19: NY.GDP.MKTP.CD | E19: 1.8607683e+10 | F19: 1.9684003e+10 | G19: 1.9923683e+10 | H19: 2.1540963e+10 | I19: 2.3801124e+10 | J19: 2.5977284e+10 | K19: 2.7308964e+10 | L19: 3.0442725e+10 | M19: 3.2714085e+10 | N19: 3.6684486e+10 | O19: 4.1334727e+10 | P19: 4.5217767e+10 | Q19: 5.2042056e+10 | R19: 6.383344e+10 | S19: 8.8965365e+10 | T19: 9.7304383e+10 | U19: 1.0506062e+11 | V19: 1.1035214e+11 | W19: 1.1849276e+11 | X19: 1.349006e+11 | Y19: 1.4998774e+11 | Z19: 1.7689539e+11 | AA19: 1.9404171e+11 | AB19: 1.7726729e+11 | AC19: 1.9352534e+11 | AD19: 1.8064327e+11 | AE19: 1.8248111e+11 | AF19: 1.8949576e+11 | AG19: 2.3616131e+11 | AH19: 2.9987591e+11 | AI19: 3.1142667e+11 | AJ19: 3.2597532e+11 | AK19: 3.2552538e+11 | AL19: 3.1213392e+11 | AM19: 3.2280664e+11 | AN19: 3.6816602e+11 | AO19: 4.0134188e+11 | AP19: 4.3564261e+11 | AQ19: 3.9967442e+11 | AR19: 3.8965221e+11 | AS19: 4.1616782e+11 | AT19: 3.796293e+11 | AU19: 3.957887e+11 | AV19: 4.6773908e+11 | AW19: 6.1465998e+11 | AX19: 6.956929e+11 | AY19: 7.4841756e+11 | AZ19: 8.5500746e+11 | BA19: 1.0561124e+12 | BB19: 9.2876212e+11 | BC19: 1.1488382e+12 | BD19: 1.3986106e+12 | BE19: 1.5475323e+12 | BF19: 1.5771233e+12 | BG19: 1.4682654e+12 | BH19: 1.3512964e+12 | BI19: 1.206837e+12 | BJ19: 1.3255827e+12 | BK19: 1.427809e+12 | BL19: 1.3927238e+12 | BM19: 1.3284141e+12 | BN19: 1.5567358e+12 | BO19: 1.6908582e+12 | BP19: 1.7280573e+12 | BQ19: =BP19 -> 1.7280573e+12 | BR19: =IF(ISERROR(INDEX(GDP!$A:$A, MATCH($A19, GDP!$A:$A, 0 ) )), "No", "Yes") -> No
A20: Austria | B20: AUT | C20: GDP (current US$) | D20: NY.GDP.MKTP.CD | E20: 6.6240863e+09 | F20: 7.346566e+09 | G20: 7.7930425e+09 | H20: 8.4140506e+09 | I20: 9.2136487e+09 | J20: 1.0041659e+10 | K20: 1.0939526e+10 | L20: 1.163457e+10 | M20: 1.2499864e+10 | N20: 1.3647476e+10 | O20: 1.5312792e+10 | P20: 1.7788537e+10 | Q20: 2.1973208e+10 | R20: 2.939986e+10 | S20: 3.5051469e+10 | T20: 3.9902301e+10 | U20: 4.2791707e+10 | V20: 5.1343861e+10 | W20: 6.1809209e+10 | X20: 7.3647694e+10 | Y20: 8.1737498e+10 | Z20: 7.0755997e+10 | AA20: 7.0996112e+10 | AB20: 7.1838528e+10 | AC20: 6.7719056e+10 | AD20: 6.9114996e+10 | AE20: 9.8648254e+10 | AF20: 1.2368209e+11 | AG20: 1.3281712e+11 | AH20: 1.3258445e+11 | AI20: 1.6581137e+11 | AJ20: 1.7311345e+11 | AK20: 1.9431403e+11 | AL20: 1.8963403e+11 | AM20: 2.0273802e+11 | AN20: 2.4009417e+11 | AO20: 2.3595258e+11 | AP20: 2.1172481e+11 | AQ20: 2.1706809e+11 | AR20: 2.1642181e+11 | AS20: 1.961816e+11 | AT20: 1.9647721e+11 | AU20: 2.1283722e+11 | AV20: 2.6077983e+11 | AW20: 2.9921041e+11 | AX20: 3.1395232e+11 | AY20: 3.3390598e+11 | AZ20: 3.8676018e+11 | BA20: 4.292344e+11 | BB20: 3.9929012e+11 | BC20: 3.8982779e+11 | BD20: 4.2895474e+11 | BE20: 4.0675049e+11 | BF20: 4.265805e+11 | BG20: 4.3855602e+11 | BH20: 3.795461e+11 | BI20: 3.9368736e+11 | BJ20: 4.1492614e+11 | BK20: 4.5258229e+11 | BL20: 4.4298364e+11 | BM20: 4.343976e+11 | BN20: 4.8046704e+11 | BO20: 4.7177363e+11 | BP20: 5.116852e+11 | BQ20: =BP20 -> 5.116852e+11 | BR20: =IF(ISERROR(INDEX(GDP!$A:$A, MATCH($A20, GDP!$A:$A, 0 ) )), "No", "Yes") -> No
A21: Azerbaijan | B21: AZE | C21: GDP (current US$) | D21: NY.GDP.MKTP.CD | AI21: 8.8848485e+09 | AJ21: 5344000000 | AK21: 4.4465867e+08 | AL21: 1.5703926e+09 | AM21: 1.1931411e+09 | AN21: 2.4173312e+09 | AO21: 3.1765074e+09 | AP21: 3.9623624e+09 | AQ21: 4.4463686e+09 | AR21: 4.5812486e+09 | AS21: 5.2726157e+09 | AT21: 5.7076162e+09 | AU21: 6.2360877e+09 | AV21: 7.2764131e+09 | AW21: 8.6804057e+09 | AX21: 1.3245422e+10 | AY21: 2.0981929e+10 | AZ21: 3.3049419e+10 | BA21: 4.8851294e+10 | BB21: 4.4292427e+10 | BC21: 5.2909295e+10 | BD21: 6.5952796e+10 | BE21: 6.9679945e+10 | BF21: 7.416056e+10 | BG21: 7.5239785e+10 | BH21: 5.3076235e+10 | BI21: 3.7866997e+10 | BJ21: 4.0866627e+10 | BK21: 4.711247e+10 | BL21: 4.8174235e+10 | BM21: 42693000000 | BN21: 5.4825412e+10 | BO21: 7.8807471e+10 | BP21: 7.2356176e+10 | BQ21: =BP21 -> 7.2356176e+10 | BR21: =IF(ISERROR(INDEX(GDP!$A:$A, MATCH($A21, GDP!$A:$A, 0 ) )), "No", "Yes") -> Yes
A22: Burundi | B22: BDI | C22: GDP (current US$) | D22: NY.GDP.MKTP.CD | E22: 1.9599999e+08 | F22: 2.0299999e+08 | G22: 2.1350001e+08 | H22: 2.3275e+08 | I22: 2.6075001e+08 | J22: 1.5899496e+08 | K22: 1.6544457e+08 | L22: 1.7829714e+08 | M22: 1.832e+08 | N22: 1.9020571e+08 | O22: 2.4273257e+08 | P22: 2.5284229e+08 | Q22: 2.4680457e+08 | R22: 3.0433952e+08 | S22: 3.4526349e+08 | T22: 4.2098667e+08 | U22: 4.4841275e+08 | V22: 5.4753556e+08 | W22: 6.1022556e+08 | X22: 7.8249667e+08 | Y22: 9.1972667e+08 | Z22: 9.6904667e+08 | AA22: 1.0132222e+09 | AB22: 1.0829263e+09 | AC22: 9.8714393e+08 | AD22: 1.1499793e+09 | AE22: 1.2017255e+09 | AF22: 1.1314665e+09 | AG22: 1.0824032e+09 | AH22: 1.1139241e+09 | AI22: 1.1321013e+09 | AJ22: 1.1673985e+09 | AK22: 1.0830377e+09 | AL22: 9.3863261e+08 | AM22: 9.2503059e+08 | AN22: 1.0004284e+09 | AO22: 8.6903386e+08 | AP22: 9.7289627e+08 | AQ22: 8.9377074e+08 | AR22: 8.0807722e+08 | AS22: 8.7048607e+08 | AT22: 8.7679472e+08 | AU22: 8.2539452e+08 | AV22: 7.8465442e+08 | AW22: 9.1525732e+08 | AX22: 1.1171131e+09 | AY22: 1.2733751e+09 | AZ22: 1.3561994e+09 | BA22: 1.6118359e+09 | BB22: 1.7814551e+09 | BC22: 2.0321352e+09 | BD22: 2.2358208e+09 | BE22: 2.3333413e+09 | BF22: 2.4516066e+09 | BG22: 2.7057833e+09 | BH22: 3.1040035e+09 | BI22: 2.6444878e+09 | BJ22: 2.723587e+09 | BK22: 2.6671822e+09 | BL22: 2.5765189e+09 | BM22: 2.6496803e+09 | BN22: 2.7757987e+09 | BO22: 3.3387228e+09 | BP22: 2.6421617e+09 | BQ22: =BP22 -> 2.6421617e+09 | BR22: =IF(ISERROR(INDEX(GDP!$A:$A, MATCH($A22, GDP!$A:$A, 0 ) )), "No", "Yes") -> No
A23: Belgium | B23: BEL | C23: GDP (current US$) | D23: NY.GDP.MKTP.CD | E23: 1.1810619e+10 | F23: 1.2561702e+10 | G23: 1.3436827e+10 | H23: 1.4445805e+10 | I23: 1.6168044e+10 | J23: 1.7597783e+10 | K23: 1.8894891e+10 | L23: 2.0252509e+10 | M23: 2.1654857e+10 | N23: 2.4019653e+10 | O23: 2.6706196e+10 | P23: 2.9821662e+10 | Q23: 3.7209418e+10 | R23: 4.7743801e+10 | S23: 5.6033078e+10 | T23: 6.5678189e+10 | U23: 7.1113883e+10 | V23: 8.2839905e+10 | W23: 1.0124653e+11 | X23: 1.1631546e+11 | Y23: 1.2682931e+11 | Z23: 1.0473002e+11 | AA23: 9.2095926e+10 | AB23: 8.7184239e+10 | AC23: 8.334953e+10 | AD23: 8.6268264e+10 | AE23: 1.2001879e+11 | AF23: 1.493944e+11 | AG23: 1.622991e+11 | AH23: 1.6422106e+11 | AI23: 2.0533175e+11 | AJ23: 2.10511e+11 | AK23: 2.3478165e+11 | AL23: 2.247218e+11 | AM23: 2.4488413e+11 | AN23: 2.8802559e+11 | AO23: 2.7920143e+11 | AP23: 2.5270805e+11 | AQ23: 2.5852834e+11 | AR23: 2.5824573e+11 | AS23: 2.3679246e+11 | AT23: 2.3674614e+11 | AU23: 2.583836e+11 | AV23: 3.1808253e+11 | AW23: 3.6921471e+11 | AX23: 3.8571476e+11 | AY23: 4.0825984e+11 | AZ23: 4.7092216e+11 | BA23: 5.1732809e+11 | BB23: 4.8501453e+11 | BC23: 4.815565e+11 | BD23: 5.2719665e+11 | BE23: 4.9841436e+11 | BF23: 5.2409703e+11 | BG23: 5.3798742e+11 | BH23: 4.6104477e+11 | BI23: 4.7427157e+11 | BJ23: 5.0090877e+11 | BK23: 5.4263891e+11 | BL23: 5.3672634e+11 | BM23: 5.2969447e+11 | BN23: 5.9849404e+11 | BO23: 5.9343882e+11 | BP23: 6.4478276e+11 | BQ23: =BP23 -> 6.4478276e+11 | BR23: =IF(ISERROR(INDEX(GDP!$A:$A, MATCH($A23, GDP!$A:$A, 0 ) )), "No", "Yes") -> No
A24: Benin | B24: BEN | C24: GDP (current US$) | D24: NY.GDP.MKTP.CD | E24: 2.2619558e+08 | F24: 2.3566822e+08 | G24: 2.3643495e+08 | H24: 2.539277e+08 | I24: 2.6981901e+08 | J24: 2.8990868e+08 | K24: 3.0292524e+08 | L24: 3.0622195e+08 | M24: 3.2632311e+08 | N24: 3.3074824e+08 | O24: 3.3362771e+08 | P24: 3.3507303e+08 | Q24: 4.1033186e+08 | R24: 5.0437607e+08 | S24: 5.5465486e+08 | T24: 6.7687014e+08 | U24: 6.9840826e+08 | V24: 7.5004978e+08 | W24: 9.2884347e+08 | X24: 1.186231e+09 | Y24: 1.4052518e+09 | Z24: 1.2911202e+09 | AA24: 1.2677787e+09 | AB24: 1.0953482e+09 | AC24: 1.051134e+09 | AD24: 1.0457128e+09 | AE24: 1.336102e+09 | AF24: 1.5624122e+09 | AG24: 1.6202461e+09 | AH24: 1.5022944e+09 | AI24: 1.9599653e+09 | AJ24: 1.9864378e+09 | AK24: 1.6953153e+09 | AL24: 2.2745581e+09 | AM24: 1.5980759e+09 | AN24: 2.1696271e+09 | AO24: 2.3611164e+09 | AP24: 2.2683016e+09 | AQ24: 2.4550927e+09 | AR24: 3.677394e+09 | AS24: 3.5199914e+09 | AT24: 3.6662226e+09 | AU24: 4.1943427e+09 | AV24: 5.3492581e+09 | AW24: 6.1902704e+09 | AX24: 6.567655e+09 | AY24: 7.0341113e+09 | AZ24: 8.1690484e+09 | BA24: 9.7877345e+09 | BB24: 9.7386265e+09 | BC24: 9.535345e+09 | BD24: 1.0693321e+10 | BE24: 1.1141358e+10 | BF24: 1.2517845e+10 | BG24: 1.3284528e+10 | BH24: 1.1388161e+10 | BI24: 1.1821066e+10 | BJ24: 1.2701656e+10 | BK24: 1.4262408e+10 | BL24: 1.4391686e+10 | BM24: 1.5651545e+10 | BN24: 1.7690084e+10 | BO24: 1.7401746e+10 | BP24: 1.9676049e+10 | BQ24: =BP24 -> 1.9676049e+10 | BR24: =IF(ISERROR(INDEX(GDP!$A:$A, MATCH($A24, GDP!$A:$A, 0 ) )), "No", "Yes") -> No
A25: Burkina Faso | B25: BFA | C25: GDP (current US$) | D25: NY.GDP.MKTP.CD | E25: 3.3044282e+08 | F25: 3.5024723e+08 | G25: 3.795671e+08 | H25: 3.9404067e+08 | I25: 4.1032164e+08 | J25: 4.2291679e+08 | K25: 4.3388977e+08 | L25: 4.5075392e+08 | M25: 4.6044269e+08 | N25: 4.7829865e+08 | O25: 4.5840427e+08 | P25: 4.8241118e+08 | Q25: 5.7859552e+08 | R25: 6.7477357e+08 | S25: 7.5113343e+08 | T25: 9.399727e+08 | U25: 9.7654719e+08 | V25: 1.1312249e+09 | W25: 1.4755836e+09 | X25: 1.7484806e+09 | Y25: 1.9287199e+09 | Z25: 1.7758423e+09 | AA25: 1.7544501e+09 | AB25: 1.6002786e+09 | AC25: 1.4598801e+09 | AD25: 1.5524932e+09 | AE25: 2.0363034e+09 | AF25: 2.3698349e+09 | AG25: 2.6160405e+09 | AH25: 2.6155877e+09 | AI25: 3.1013008e+09 | AJ25: 3.1350456e+09 | AK25: 3.3566925e+09 | AL25: 3.1995365e+09 | AM25: 1.8952906e+09 | AN25: 2.379518e+09 | AO25: 2.5865506e+09 | AP25: 2.4476691e+09 | AQ25: 2.8049024e+09 | AR25: 3.3895667e+09 | AS25: 2.9683701e+09 | AT25: 3.1903711e+09 | AU25: 3.6223501e+09 | AV25: 4.7407681e+09 | AW25: 5.4516885e+09 | AX25: 6.1463532e+09 | AY25: 6.5474198e+09 | AZ25: 7.6257228e+09 | BA25: 9.4514355e+09 | BB25: 9.4506969e+09 | BC25: 1.010962e+10 | BD25: 1.2080296e+10 | BE25: 1.2561015e+10 | BF25: 1.34443e+10 | BG25: 1.3943016e+10 | BH25: 1.1832159e+10 | BI25: 1.2833363e+10 | BJ25: 1.4106956e+10 | BK25: 1.5890066e+10 | BL25: 1.6032814e+10 | BM25: 1.7725011e+10 | BN25: 1.9697516e+10 | BO25: 1.8820219e+10 | BP25: 2.0324618e+10 | BQ25: =BP25 -> 2.0324618e+10 | BR25: =IF(ISERROR(INDEX(GDP!$A:$A, MATCH($A25, GDP!$A:$A, 0 ) )), "No", "Yes") -> No
A26: Bangladesh | B26: BGD | C26: GDP (current US$) | D26: NY.GDP.MKTP.CD | E26: 4.2748941e+09 | F26: 4817580375 | G26: 5.0814135e+09 | H26: 5.3194586e+09 | I26: 5.3860548e+09 | J26: 5.9066368e+09 | K26: 6.4396879e+09 | L26: 7.2535757e+09 | M26: 7.4836858e+09 | N26: 8.4710064e+09 | O26: 8.9927222e+09 | P26: 8.7518432e+09 | Q26: 6.2882459e+09 | R26: 8.0867257e+09 | S26: 1.2512461e+10 | T26: 1.9448348e+10 | U26: 1.0117113e+10 | V26: 9.6511493e+09 | W26: 1.3281767e+10 | X26: 1.556548e+10 | Y26: 1.8138049e+10 | Z26: 2.0249694e+10 | AA26: 1.8525399e+10 | AB26: 1.7609049e+10 | AC26: 18920840000 | AD26: 2.2278423e+10 | AE26: 2.1774033e+10 | AF26: 2.4298032e+10 | AG26: 2.6579006e+10 | AH26: 2.8781715e+10 | AI26: 3.1598341e+10 | AJ26: 3.0957484e+10 | AK26: 3.1708875e+10 | AL26: 3.3166519e+10 | AM26: 3.3768661e+10 | AN26: 3.7939749e+10 | AO26: 4.6438484e+10 | AP26: 4.8244309e+10 | AQ26: 4.9984559e+10 | AR26: 5.127057e+10 | AS26: 5.3369787e+10 | AT26: 5.399129e+10 | AU26: 5.4724081e+10 | AV26: 6.0158929e+10 | AW26: 6.5108544e+10 | AX26: 6.9476001e+10 | AY26: 7.1795736e+10 | AZ26: 7.9611645e+10 | BA26: 9.1636997e+10 | BB26: 1.0247516e+11 | BC26: 1.1527554e+11 | BD26: 1.2860748e+11 | BE26: 1.3331075e+11 | BF26: 1.4999896e+11 | BG26: 1.7288661e+11 | BH26: 1.9514661e+11 | BI26: 2.6522452e+11 | BJ26: 2.9373245e+11 | BK26: 3.2136275e+11 | BL26: 3.5123165e+11 | BM26: 3.7397944e+11 | BN26: 4.1627165e+11 | BO26: 4.6013169e+11 | BP26: 4.3741533e+11 | BQ26: =BP26 -> 4.3741533e+11 | BR26: =IF(ISERROR(INDEX(GDP!$A:$A, MATCH($A26, GDP!$A:$A, 0 ) )), "No", "Yes") -> Yes
A27: Bulgaria | B27: BGR | C27: GDP (current US$) | D27: NY.GDP.MKTP.CD | Y27: 1.9839231e+10 | Z27: 19870000000 | AA27: 19342000000 | AB27: 1.6563667e+10 | AC27: 1.7594944e+10 | AD27: 1.7155421e+10 | AE27: 2.0249294e+10 | AF27: 28101000000 | AG27: 2.2555941e+10 | AH27: 2.1988444e+10 | AI27: 2.0632091e+10 | AJ27: 1.0943548e+10 | AK27: 1.0350515e+10 | AL27: 1.0832065e+10 | AM27: 9.697417e+09 | AN27: 1.8991484e+10 | AO27: 1.2294965e+10 | AP27: 1.1316127e+10 | AQ27: 1.5031055e+10 | AR27: 1.3627325e+10 | AS27: 1.324599e+10 | AT27: 1.4183446e+10 | AU27: 1.6403044e+10 | AV27: 2.1144958e+10 | AW27: 2.6157743e+10 | AX27: 2.9868658e+10 | AY27: 3.4380536e+10 | AZ27: 4.4432812e+10 | BA27: 5.4480684e+10 | BB27: 5.2023801e+10 | BC27: 5.0760929e+10 | BD27: 5.7737041e+10 | BE27: 5.4288135e+10 | BF27: 5.5852124e+10 | BG27: 5.7157783e+10 | BH27: 5.0811996e+10 | BI27: 5.3964253e+10 | BJ27: 5.9309748e+10 | BK27: 6.6289266e+10 | BL27: 6.8631726e+10 | BM27: 7.0716821e+10 | BN27: 8.4417951e+10 | BO27: 9.0642852e+10 | BP27: 1.0240765e+11 | BQ27: =BP27 -> 1.0240765e+11 | BR27: =IF(ISERROR(INDEX(GDP!$A:$A, MATCH($A27, GDP!$A:$A, 0 ) )), "No", "Yes") -> Yes
A28: Bahrain | B28: BHR | C28: GDP (current US$) | D28: NY.GDP.MKTP.CD | O28: 3.9157736e+08 | P28: 4.2218156e+08 | Q28: 5.3408118e+08 | R28: 7.6113255e+08 | S28: 1.0421769e+09 | T28: 1.0991076e+09 | U28: 1.5817095e+09 | V28: 1.9890603e+09 | W28: 2.272043e+09 | X28: 2.7101607e+09 | Y28: 3.4938345e+09 | Z28: 3.9431095e+09 | AA28: 4.1454211e+09 | AB28: 4.2470305e+09 | AC28: 4.4408746e+09 | AD28: 4.1523765e+09 | AE28: 3.4707468e+09 | AF28: 3.8569227e+09 | AG28: 4.2098342e+09 | AH28: 4.393094e+09 | AI28: 4.809511e+09 | AJ28: 5.2489112e+09 | AK28: 5.4022324e+09 | AL28: 5.9130011e+09 | AM28: 6.3306279e+09 | AN28: 6.6511809e+09 | AO28: 6.9381668e+09 | AP28: 7.2194077e+09 | AQ28: 7.031309e+09 | AR28: 7.5284691e+09 | AS28: 9.0628989e+09 | AT28: 8.9761968e+09 | AU28: 9.5935106e+09 | AV28: 1.1074814e+10 | AW28: 1.315016e+10 | AX28: 1.5968723e+10 | AY28: 1.8504761e+10 | AZ28: 21730000000 | BA28: 2.5710904e+10 | BB28: 2.2938218e+10 | BC28: 2.6805984e+10 | BD28: 2.9914681e+10 | BE28: 3.1963404e+10 | BF28: 3.3823324e+10 | BG28: 3.4772527e+10 | BH28: 3.2523298e+10 | BI28: 3.3884681e+10 | BJ28: 3.7204814e+10 | BK28: 3.9567979e+10 | BL28: 4.0446809e+10 | BM28: 3.5837633e+10 | BN28: 4.0840213e+10 | BO28: 4.6680399e+10 | BP28: 4.6079867e+10 | BQ28: =BP28 -> 4.6079867e+10 | BR28: =IF(ISERROR(INDEX(GDP!$A:$A, MATCH($A28, GDP!$A:$A, 0 ) )), "No", "Yes") -> No
A29: Bahamas, The | B29: BHS | C29: GDP (current US$) | D29: NY.GDP.MKTP.CD | E29: 1.6973599e+08 | F29: 1.9002199e+08 | G29: 2.1216999e+08 | H29: 2.3764999e+08 | I29: 2.6655999e+08 | J29: 3.0027199e+08 | K29: 346800000 | L29: 398000000 | M29: 453800000 | N29: 538700000 | O29: 539500000 | P29: 573400000 | Q29: 590900000 | R29: 670900000 | S29: 632400000 | T29: 596200000 | U29: 642100000 | V29: 713000000 | W29: 832400000 | X29: 1139800100 | Y29: 1335300000 | Z29: 1426500000 | AA29: 1578300000 | AB29: 1732800000 | AC29: 2041100000 | AD29: 2320699900 | AE29: 2472500000 | AF29: 2713999900 | AG29: 2817900000 | AH29: 3062000000 | AI29: 3166000000 | AJ29: 3111160000 | AK29: 3109000000 | AL29: 3092000000 | AM29: 3259000000 | AN29: 3429000000 | AO29: 3609000000 | AP29: 6332360000 | AQ29: 6833220000 | AR29: 7683870000 | AS29: 8076470000 | AT29: 8317830000 | AU29: 8881160000 | AV29: 8870090000 | AW29: 9055290000 | AX29: 9836200000 | AY29: 10167250000 | AZ29: 10618340000 | BA29: 10526000000 | BB29: 9981960000 | BC29: 10095760000 | BD29: 10070450000 | BE29: 10720400000 | BF29: 10395800000 | BG29: 10974100000 | BH29: 11671900000 | BI29: 11745100000 | BJ29: 12236700000 | BK29: 12615800000 | BL29: 13016200000 | BM29: 9958200000 | BN29: 11368900000 | BO29: 13136400000 | BP29: 14338500000 | BQ29: =BP29 -> 14338500000 | BR29: =IF(ISERROR(INDEX(GDP!$A:$A, MATCH($A29, GDP!$A:$A, 0 ) )), "No", "Yes") -> No
A30: Bosnia and Herzegovina | B30: BIH | C30: GDP (current US$) | D30: NY.GDP.MKTP.CD | AI30: 7.7534783e+09 | AJ30: 6.1229592e+09 | AK30: 4.7350447e+09 | AL30: 3.6306689e+09 | AM30: 1.2558025e+09 | AN30: 1.866573e+09 | AO30: 2.7860453e+09 | AP30: 3.6719097e+09 | AQ30: 4.1167743e+09 | AR30: 4.6862564e+09 | AS30: 5.5677728e+09 | AT30: 5.8006155e+09 | AU30: 6.7282209e+09 | AV30: 8.4988944e+09 | AW30: 1.0156542e+10 | AX30: 1.1222796e+10 | AY30: 1.2864842e+10 | AZ30: 1.5778734e+10 | BA30: 1.9112797e+10 | BB30: 1.7613949e+10 | BC30: 1.7176316e+10 | BD30: 1.8644234e+10 | BE30: 1.7226736e+10 | BF30: 1.8179109e+10 | BG30: 1.8558734e+10 | BH30: 1.6404349e+10 | BI30: 1.7116926e+10 | BJ30: 1.8326373e+10 | BK30: 2.0484054e+10 | BL30: 2.0482609e+10 | BM30: 2.0226037e+10 | BN30: 2.3672712e+10 | BO30: 2.4534664e+10 | BP30: 2.7514782e+10 | BQ30: =BP30 -> 2.7514782e+10 | BR30: =IF(ISERROR(INDEX(GDP!$A:$A, MATCH($A30, GDP!$A:$A, 0 ) )), "No", "Yes") -> Yes
A31: Belarus | B31: BLR | C31: GDP (current US$) | D31: NY.GDP.MKTP.CD | AI31: 1.7389558e+10 | AJ31: 1.8404908e+10 | AK31: 1.693979e+10 | AL31: 1.6275074e+10 | AM31: 1.4931435e+10 | AN31: 1.3972683e+10 | AO31: 1.4756846e+10 | AP31: 1.4130586e+10 | AQ31: 1.5221353e+10 | AR31: 1.2138243e+10 | AS31: 1.273678e+10 | AT31: 1.235482e+10 | AU31: 1.4594901e+10 | AV31: 1.7825445e+10 | AW31: 2.3141566e+10 | AX31: 3.0210092e+10 | AY31: 3.6961894e+10 | AZ31: 4.5275712e+10 | BA31: 6.0752106e+10 | BB31: 5.0873167e+10 | BC31: 5.7231905e+10 | BD31: 6.1762382e+10 | BE31: 6.568589e+10 | BF31: 7.5527559e+10 | BG31: 7.8812805e+10 | BH31: 5.6454889e+10 | BI31: 4.7723545e+10 | BJ31: 5.4725302e+10 | BK31: 6.0031174e+10 | BL31: 6.4410123e+10 | BM31: 6.1371755e+10 | BN31: 6.9673747e+10 | BO31: 7.377518e+10 | BP31: 7.1857383e+10 | BQ31: =BP31 -> 7.1857383e+10 | BR31: =IF(ISERROR(INDEX(GDP!$A:$A, MATCH($A31, GDP!$A:$A, 0 ) )), "No", "Yes") -> No
A32: Belize | B32: BLZ | C32: GDP (current US$) | D32: NY.GDP.MKTP.CD | E32: 28072478 | F32: 29965000 | G32: 31857592 | H32: 33750114 | I32: 36194586 | J32: 40110040 | K32: 44450044 | L32: 47431256 | M32: 44999910 | N32: 47399905 | O32: 53339893 | P32: 59074687 | Q32: 65998069 | R32: 78214768 | S32: 1.0316045e+08 | T32: 1.1819403e+08 | U32: 97094227 | V32: 117650000 | W32: 136300000 | X32: 151800000 | Y32: 257400000 | Z32: 260750000 | AA32: 248550000 | AB32: 262150000 | AC32: 290350000 | AD32: 287300000 | AE32: 311500000 | AF32: 371100000 | AG32: 421450000 | AH32: 491100000 | AI32: 547150000 | AJ32: 597100000 | AK32: 696250000 | AL32: 752850000 | AM32: 772300000 | AN32: 819050000 | AO32: 850850000 | AP32: 873400000 | AQ32: 929500000 | AR32: 1000250000 | AS32: 1138900000 | AT32: 1172800000 | AU32: 1244650000 | AV32: 1308900000 | AW32: 1400850000 | AX32: 1474950000 | AY32: 1591150000 | AZ32: 1707100000 | BA32: 1738900000 | BB32: 1688500000 | BC32: 1745700000 | BD32: 1827050000 | BE32: 1909400000 | BF32: 2032750000 | BG32: 2138250000 | BH32: 2193050000 | BI32: 2240200000 | BJ32: 2266300000 | BK32: 2293250000 | BL32: 2388300000 | BM32: 2042850000 | BN32: 2420550000 | BO32: 2846700000 | BP32: 3066850000 | BQ32: =BP32 -> 3066850000 | BR32: =IF(ISERROR(INDEX(GDP!$A:$A, MATCH($A32, GDP!$A:$A, 0 ) )), "No", "Yes") -> No
A33: Bermuda | B33: BMU | C33: GDP (current US$) | D33: NY.GDP.MKTP.CD | E33: 72400000 | F33: 76500000 | G33: 80700000 | H33: 82600000 | I33: 92200000 | J33: 98000000 | K33: 115000000 | L33: 134800000 | M33: 150000000 | N33: 164900000 | O33: 186300000 | P33: 211100000 | Q33: 235400000 | R33: 269500000 | S33: 312600000 | T33: 345000000 | U33: 386300000 | V33: 447000000 | W33: 475800000 | X33: 517200000 | Y33: 613299968 | Z33: 739100032 | AA33: 785500032 | AB33: 889400000 | AC33: 985699968 | AD33: 1039500032 | AE33: 1173500032 | AF33: 1296499968 | AG33: 1415100032 | AH33: 1501500032 | AI33: 1592400000 | AJ33: 1634900000 | AK33: 1679900000 | AL33: 1820359900 | AM33: 1867160100 | AN33: 2030750000 | AO33: 2695390000 | AP33: 2932827000 | AQ33: 3130748000 | AR33: 3324433000 | AS33: 3480219000 | AT33: 3680483000 | AU33: 3937228000 | AV33: 4186525000 | AW33: 4484703000 | AX33: 4868136000 | AY33: 6144000000 | AZ33: 6767000000 | BA33: 6980000000 | BB33: 6656000000 | BC33: 6634526000 | BD33: 6312691000 | BE33: 6378188000 | BF33: 6465756000 | BG33: 6413988000 | BH33: 6654541000 | BI33: 6899911000 | BJ33: 7142316000 | BK33: 7225977000 | BL33: 7423465000 | BM33: 6887147000 | BN33: 7286607000 | BO33: 7827980000 | BP33: 8141700000 | BQ33: =BP33 -> 8141700000 | BR33: =IF(ISERROR(INDEX(GDP!$A:$A, MATCH($A33, GDP!$A:$A, 0 ) )), "No", "Yes") -> No
A34: Bolivia | B34: BOL | C34: GDP (current US$) | D34: NY.GDP.MKTP.CD | E34: 373250000 | F34: 406000000 | G34: 4.4391667e+08 | H34: 478000000 | I34: 5.3858333e+08 | J34: 5.9833333e+08 | K34: 662500000 | L34: 748250000 | M34: 8.4933333e+08 | N34: 9.2033333e+08 | O34: 1.0068333e+09 | P34: 1.0846667e+09 | Q34: 1.2861538e+09 | R34: 1263600000 | S34: 2101300000 | T34: 2405900000 | U34: 2733350000 | V34: 3229050000 | W34: 3760100000 | X34: 4510500000 | Y34: 4450360000 | Z34: 5778480000 | AA34: 5600390625 | AB34: 5.4140086e+09 | AC34: 6.1693045e+09 | AD34: 5.3772767e+09 | AE34: 3.9593835e+09 | AF34: 4.3479563e+09 | AG34: 4.5976117e+09 | AH34: 4.7159734e+09 | AI34: 4.8675826e+09 | AJ34: 5.3432625e+09 | AK34: 5.6438687e+09 | AL34: 5.7346995e+09 | AM34: 5.9812229e+09 | AN34: 6.7151617e+09 | AO34: 7.3969491e+09 | AP34: 7.9257368e+09 | AQ34: 8.4974947e+09 | AR34: 8.2850644e+09 | AS34: 8.3978555e+09 | AT34: 8.1415169e+09 | AU34: 7.9054851e+09 | AV34: 8.0823996e+09 | AW34: 8.7734518e+09 | AX34: 9.5491229e+09 | AY34: 1.1451845e+10 | AZ34: 1.3120108e+10 | BA34: 1.6674276e+10 | BB34: 1.7339992e+10 | BC34: 1.9649724e+10 | BD34: 2.3963165e+10 | BE34: 2.7084497e+10 | BF34: 3.0659339e+10 | BG34: 3.2996188e+10 | BH34: 3.3000198e+10 | BI34: 3.3941126e+10 | BJ34: 3.7508642e+10 | BK34: 4.0287648e+10 | BL34: 4.0895323e+10 | BM34: 3.6629844e+10 | BN34: 4.0406112e+10 | BO34: 4.4008283e+10 | BP34: 4.5135398e+10 | BQ34: =BP34 -> 4.5135398e+10 | BR34: =IF(ISERROR(INDEX(GDP!$A:$A, MATCH($A34, GDP!$A:$A, 0 ) )), "No", "Yes") -> No
A35: Brazil | B35: BRA | C35: GDP (current US$) | D35: NY.GDP.MKTP.CD | E35: 1.7030466e+10 | F35: 1.727594e+10 | G35: 1.9231748e+10 | H35: 2.3287713e+10 | I35: 2.0963734e+10 | J35: 2.2465523e+10 | K35: 2.8283324e+10 | L35: 3.1086389e+10 | M35: 3.3930457e+10 | N35: 3.7171641e+10 | O35: 4.2327665e+10 | P35: 4.8869831e+10 | Q35: 5.8434858e+10 | R35: 8.3592276e+10 | S35: 1.0979452e+11 | T35: 1.2920356e+11 | U35: 1.5316895e+11 | V35: 1.763441e+11 | W35: 2.0027865e+11 | X35: 2.213382e+11 | Y35: 2.3739349e+11 | Z35: 2.5801517e+11 | AA35: 2.7131411e+11 | AB35: 1.8965651e+11 | AC35: 1.8833997e+11 | AD35: 2.1087984e+11 | AE35: 2.5648085e+11 | AF35: 2.8305684e+11 | AG35: 3.0788193e+11 | AH35: 4.1299082e+11 | AI35: 4.649891e+11 | AJ35: 3.4253409e+11 | AK35: 3.2819191e+11 | AL35: 3.6829203e+11 | AM35: 5.2536947e+11 | AN35: 7.6933305e+11 | AO35: 8.5042643e+11 | AP35: 8.8320618e+11 | AQ35: 8.6371076e+11 | AR35: 5.9964202e+11 | AS35: 6.5544823e+11 | AT35: 5.5998363e+11 | AU35: 5.0979527e+11 | AV35: 5.5823375e+11 | AW35: 6.6928942e+11 | AX35: 8.9163384e+11 | AY35: 1.1076265e+12 | AZ35: 1.3971145e+12 | BA35: 1.6958551e+12 | BB35: 1.6669964e+12 | BC35: 2.2088377e+12 | BD35: 2.6161562e+12 | BE35: 2.4652278e+12 | BF35: 2.4728195e+12 | BG35: 2.4560437e+12 | BH35: 1.8022122e+12 | BI35: 1.7956935e+12 | BJ35: 2.063515e+12 | BK35: 1.9169339e+12 | BL35: 1.8732882e+12 | BM35: 1.4761072e+12 | BN35: 1.6706474e+12 | BO35: 1.9519239e+12 | BP35: 2.1736657e+12 | BQ35: =BP35 -> 2.1736657e+12 | BR35: =IF(ISERROR(INDEX(GDP!$A:$A, MATCH($A35, GDP!$A:$A, 0 ) )), "No", "Yes") -> No
A36: Barbados | B36: BRB | C36: GDP (current US$) | D36: NY.GDP.MKTP.CD | E36: 80021847 | F36: 85363759 | G36: 88782583 | H36: 99893761 | I36: 99252731 | J36: 1.05022e+08 | K36: 1.1319512e+08 | L36: 1.25554e+08 | M36: 1.2573367e+08 | N36: 141393142 | O36: 166210203 | P36: 1.8682649e+08 | Q36: 2.1372525e+08 | R36: 2.6076789e+08 | S36: 3.1180464e+08 | T36: 4.0217861e+08 | U36: 4.3591127e+08 | V36: 4.9509767e+08 | W36: 5.5288371e+08 | X36: 6.7036245e+08 | Y36: 1.0122806e+09 | Z36: 1.1142047e+09 | AA36: 1.1639238e+09 | AB36: 1.2360165e+09 | AC36: 1.3468901e+09 | AD36: 1.4095361e+09 | AE36: 1.5477552e+09 | AF36: 1.7043703e+09 | AG36: 1.8127579e+09 | AH36: 2.0061652e+09 | AI36: 2.0121315e+09 | AJ36: 2.0205837e+09 | AK36: 1957000000 | AL36: 2.0633421e+09 | AM36: 2.1513449e+09 | AN36: 2.2169741e+09 | AO36: 2.3636454e+09 | AP36: 2.4983841e+09 | AQ36: 2.8170835e+09 | AR36: 2.9518222e+09 | AS36: 3059500000 | AT36: 3054500000 | AU36: 3106500000 | AV36: 3209500000 | AW36: 3444500000 | AX36: 3819500000 | AY36: 4217323400 | AZ36: 4675767950 | BA36: 4790410400 | BB36: 4466809600 | BC36: 5191188500 | BD36: 5342183800 | BE36: 5271257500 | BF36: 5361158350 | BG36: 5365976700 | BH36: 5288057750 | BI36: 5330761500 | BJ36: 5517340450 | BK36: 5629916200 | BL36: 5788288000 | BM36: 5168344450 | BN36: 5275242050 | BO36: 6257303500 | BP36: 6720733200 | BQ36: =BP36 -> 6720733200 | BR36: =IF(ISERROR(INDEX(GDP!$A:$A, MATCH($A36, GDP!$A:$A, 0 ) )), "No", "Yes") -> No
A37: Brunei Darussalam | B37: BRN | C37: GDP (current US$) | D37: NY.GDP.MKTP.CD | J37: 1.140395e+08 | K37: 1.3275753e+08 | L37: 1.3902954e+08 | M37: 1.6081824e+08 | N37: 1.6121024e+08 | O37: 1.7907893e+08 | P37: 1.9752577e+08 | Q37: 2.7082278e+08 | R37: 4.3309553e+08 | S37: 2.3195762e+09 | T37: 2.4964203e+09 | U37: 3.0547656e+09 | V37: 3.6812425e+09 | W37: 4.1004237e+09 | X37: 6.0443676e+09 | Y37: 1.0795432e+10 | Z37: 9.3672187e+09 | AA37: 8.9321982e+09 | AB37: 7.9275908e+09 | AC37: 7.6327881e+09 | AD37: 6.9676239e+09 | AE37: 4.19028e+09 | AF37: 4.9180101e+09 | AG37: 4.5351303e+09 | AH37: 4.9836229e+09 | AI37: 6.0398811e+09 | AJ37: 6.2844973e+09 | AK37: 6.3279664e+09 | AL37: 6.2033399e+09 | AM37: 6.4677825e+09 | AN37: 7.7001441e+09 | AO37: 7.6633773e+09 | AP37: 7.7930344e+09 | AQ37: 5.550846e+09 | AR37: 6.3090704e+09 | AS37: 6.5709991e+09 | AT37: 6.0961557e+09 | AU37: 6.3330829e+09 | AV37: 7.1677253e+09 | AW37: 8.6191788e+09 | AX37: 1.0547203e+10 | AY37: 1.2644616e+10 | AZ37: 1.3432029e+10 | BA37: 1.5926456e+10 | BB37: 1.1912905e+10 | BC37: 1.3707121e+10 | BD37: 1.8524791e+10 | BE37: 1.9048443e+10 | BF37: 1.8094148e+10 | BG37: 1.7097797e+10 | BH37: 1.2930297e+10 | BI37: 1.1400266e+10 | BJ37: 1.2128168e+10 | BK37: 1.3566908e+10 | BL37: 1.3469235e+10 | BM37: 1.20058e+10 | BN37: 1.4006497e+10 | BO37: 1.6681536e+10 | BP37: 1.5128293e+10 | BQ37: =BP37 -> 1.5128293e+10 | BR37: =IF(ISERROR(INDEX(GDP!$A:$A, MATCH($A37, GDP!$A:$A, 0 ) )), "No", "Yes") -> No
A38: Bhutan | B38: BTN | C38: GDP (current US$) | D38: NY.GDP.MKTP.CD | O38: 61812113 | P38: 66289450 | Q38: 70139867 | R38: 78900289 | S38: 92901784 | T38: 86820762 | U38: 88461263 | V38: 97884434 | W38: 94086228 | X38: 1.05378e+08 | Y38: 1.286692e+08 | Z38: 1.3917418e+08 | AA38: 1.4143932e+08 | AB38: 1.5670429e+08 | AC38: 1.6042349e+08 | AD38: 1.6328882e+08 | AE38: 1.9121812e+08 | AF38: 2.4274277e+08 | AG38: 2.7229807e+08 | AH38: 2.6479863e+08 | AI38: 2.8776501e+08 | AJ38: 2.4029429e+08 | AK38: 2.4023353e+08 | AL38: 2.2597369e+08 | AM38: 2.5895471e+08 | AN38: 2.9049098e+08 | AO38: 3.0340835e+08 | AP38: 3.5222908e+08 | AQ38: 3.6345838e+08 | AR38: 3.993112e+08 | AS38: 4.6073342e+08 | AT38: 4.9611023e+08 | AU38: 5.5934526e+08 | AV38: 6.5193543e+08 | AW38: 7.3534849e+08 | AX38: 8.60391e+08 | AY38: 9.4287988e+08 | AZ38: 1.255768e+09 | BA38: 1.3175178e+09 | BB38: 1.3313438e+09 | BC38: 1.7088807e+09 | BD38: 1.9777287e+09 | BE38: 1.9733872e+09 | BF38: 1.943697e+09 | BG38: 2.0890796e+09 | BH38: 2.1878158e+09 | BI38: 2.3575048e+09 | BJ38: 2.591358e+09 | BK38: 2.5833357e+09 | BL38: 2.7356836e+09 | BM38: 2.4576043e+09 | BN38: 2.768803e+09 | BO38: 2.8982277e+09 | BQ38: =BP38 -> 0 | BR38: =IF(ISERROR(INDEX(GDP!$A:$A, MATCH($A38, GDP!$A:$A, 0 ) )), "No", "Yes") -> No
A39: Botswana | B39: BWA | C39: GDP (current US$) | D39: NY.GDP.MKTP.CD | E39: 30411414 | F39: 32902613 | G39: 35644957 | H39: 38091843 | I39: 41616348 | J39: 45788696 | K39: 51465655 | L39: 58642354 | M39: 66248441 | N39: 77361547 | O39: 96243234 | P39: 1.2744861e+08 | Q39: 1.6446091e+08 | R39: 2.4412416e+08 | S39: 3.0604421e+08 | T39: 3.5516857e+08 | U39: 3.7202509e+08 | V39: 4.5162478e+08 | W39: 5.9040737e+08 | X39: 8.1987026e+08 | Y39: 1.0608897e+09 | Z39: 1.0738128e+09 | AA39: 1.0149457e+09 | AB39: 1.1722304e+09 | AC39: 1.2408222e+09 | AD39: 1.1147833e+09 | AE39: 1.3926022e+09 | AF39: 1.9652269e+09 | AG39: 2.6445542e+09 | AH39: 3.0838221e+09 | AI39: 3.7906363e+09 | AJ39: 3.9428767e+09 | AK39: 4.1464646e+09 | AL39: 4.1601292e+09 | AM39: 4.2592596e+09 | AN39: 4.7305991e+09 | AO39: 4.8477572e+09 | AP39: 5.0202656e+09 | AQ39: 4.7904815e+09 | AR39: 5.4842633e+09 | AS39: 5.7883296e+09 | AT39: 5.4896083e+09 | AU39: 5.438864e+09 | AV39: 7.5115822e+09 | AW39: 8.9574677e+09 | AX39: 9.9189071e+09 | AY39: 9.9191585e+09 | AZ39: 1.0567271e+10 | BA39: 1.0730829e+10 | BB39: 1.0118459e+10 | BC39: 1.2637273e+10 | BD39: 1.5110644e+10 | BE39: 1.3907465e+10 | BF39: 1.4271739e+10 | BG39: 1.5470089e+10 | BH39: 1.3530749e+10 | BI39: 1.5082637e+10 | BJ39: 1.6105156e+10 | BK39: 1.7031943e+10 | BL39: 1.6725908e+10 | BM39: 1.4960291e+10 | BN39: 1.8750947e+10 | BO39: 2.0321959e+10 | BP39: 1.9396084e+10 | BQ39: =BP39 -> 1.9396084e+10 | BR39: =IF(ISERROR(INDEX(GDP!$A:$A, MATCH($A39, GDP!$A:$A, 0 ) )), "No", "Yes") -> No
A40: Central African Republic | B40: CAF | C40: GDP (current US$) | D40: NY.GDP.MKTP.CD | E40: 1.121556e+08 | F40: 1.2313458e+08 | G40: 1.2448277e+08 | H40: 1.2937912e+08 | I40: 1.4202508e+08 | J40: 1.505748e+08 | K40: 1.5793002e+08 | L40: 1.6382051e+08 | M40: 1.9176744e+08 | N40: 1.8803921e+08 | O40: 1.8910653e+08 | P40: 2.014508e+08 | Q40: 2.3031788e+08 | R40: 2.7118308e+08 | S40: 2.8139871e+08 | T40: 3.7866002e+08 | U40: 4.5115246e+08 | V40: 5.0729815e+08 | W40: 6.1057863e+08 | X40: 7.0076475e+08 | Y40: 7.970482e+08 | Z40: 6.9480362e+08 | AA40: 7.4831239e+08 | AB40: 6.5867933e+08 | AC40: 6.3782067e+08 | AD40: 8.6484984e+08 | AE40: 1.122265e+09 | AF40: 1.200992e+09 | AG40: 1.2648993e+09 | AH40: 1.2339303e+09 | AI40: 1.4407115e+09 | AJ40: 1.377375e+09 | AK40: 1.4119176e+09 | AL40: 1.2787813e+09 | AM40: 8.5117436e+08 | AN40: 1.1153897e+09 | AO40: 1.0077911e+09 | AP40: 9.3774151e+08 | AQ40: 9.6733839e+08 | AR40: 9.9947751e+08 | AS40: 9.1677728e+08 | AT40: 9.326486e+08 | AU40: 9.9606814e+08 | AV40: 1.1423155e+09 | AW40: 1.2723605e+09 | AX40: 1.3378944e+09 | AY40: 1.4618598e+09 | AZ40: 1.6998113e+09 | BA40: 1.9934079e+09 | BB40: 2.0673817e+09 | BC40: 2.1425915e+09 | BD40: 2.4379827e+09 | BE40: 2.5101265e+09 | BF40: 1.6915441e+09 | BG40: 1.8948134e+09 | BH40: 1.6958257e+09 | BI40: 1.8250181e+09 | BJ40: 2.07235e+09 | BK40: 2.2209791e+09 | BL40: 2.2213014e+09 | BM40: 2.3267209e+09 | BN40: 2.5164984e+09 | BO40: 2.3826186e+09 | BP40: 2.5554921e+09 | BQ40: =BP40 -> 2.5554921e+09 | BR40: =IF(ISERROR(INDEX(GDP!$A:$A, MATCH($A40, GDP!$A:$A, 0 ) )), "No", "Yes") -> No
A41: Canada | B41: CAN | C41: GDP (current US$) | D41: NY.GDP.MKTP.CD | E41: 4.0563769e+10 | F41: 4.1038193e+10 | G41: 4.2336212e+10 | H41: 4.5140338e+10 | I41: 4.9503664e+10 | J41: 5.464941e+10 | K41: 6.1252415e+10 | L41: 6.5856924e+10 | M41: 7.2048833e+10 | N41: 7.9405011e+10 | O41: 8.8192258e+10 | P41: 9.9606455e+10 | Q41: 1.1346385e+11 | R41: 1.3176434e+11 | S41: 1.6094919e+11 | T41: 1.7441976e+11 | U41: 2.0727161e+11 | V41: 2.1232518e+11 | W41: 2.1936954e+11 | X41: 2.4389112e+11 | Y41: 2.7477657e+11 | Z41: 3.0724664e+11 | AA41: 3.1464781e+11 | AB41: 3.4186628e+11 | AC41: 3.567184e+11 | AD41: 3.6618601e+11 | AE41: 3.7900684e+11 | AF41: 4.3313424e+11 | AG41: 5.0938003e+11 | AH41: 5.6721199e+11 | AI41: 5.9607559e+11 | AJ41: 6.1252771e+11 | AK41: 5.9438736e+11 | AL41: 5.7905356e+11 | AM41: 5.7994435e+11 | AN41: 6.0596109e+11 | AO41: 6.3060799e+11 | AP41: 6.54987e+11 | AQ41: 634000000000 | AR41: 6.784122e+11 | AS41: 7.4477342e+11 | AT41: 7.3898179e+11 | AU41: 7.6064933e+11 | AV41: 8.9554065e+11 | AW41: 1.0266902e+12 | AX41: 1.1731086e+12 | AY41: 1.3192648e+12 | AZ41: 1.4688204e+12 | BA41: 1.5529897e+12 | BB41: 1.3746251e+12 | BC41: 1.6173434e+12 | BD41: 1.7933266e+12 | BE41: 1.8283665e+12 | BF41: 1.8465974e+12 | BG41: 1.8057499e+12 | BH41: 1.5565088e+12 | BI41: 1.5279947e+12 | BJ41: 1.6492656e+12 | BK41: 1.7253292e+12 | BL41: 1.7437252e+12 | BM41: 1.6556847e+12 | BN41: 2.0074722e+12 | BO41: 2.1614834e+12 | BP41: 2.1424709e+12 | BQ41: =BP41 -> 2.1424709e+12 | BR41: =IF(ISERROR(INDEX(GDP!$A:$A, MATCH($A41, GDP!$A:$A, 0 ) )), "No", "Yes") -> No
A42: Central Europe and the Baltics | B42: CEB | C42: GDP (current US$) | D42: NY.GDP.MKTP.CD | AI42: 2.7200277e+11 | AJ42: 2.5008243e+11 | AK42: 2.5680698e+11 | AL42: 2.7024236e+11 | AM42: 3.0852167e+11 | AN42: 3.9461046e+11 | AO42: 4.1734309e+11 | AP42: 4.1104147e+11 | AQ42: 4.4976585e+11 | AR42: 4.3593105e+11 | AS42: 4.2935516e+11 | AT42: 4.6945134e+11 | AU42: 5.2849722e+11 | AV42: 6.3438573e+11 | AW42: 7.6359593e+11 | AX42: 8.8582874e+11 | AY42: 1.0014329e+12 | AZ42: 1.2643303e+12 | BA42: 1.5303681e+12 | BB42: 1.289527e+12 | BC42: 1.3197988e+12 | BD42: 1.4584552e+12 | BE42: 1.362238e+12 | BF42: 1.4202998e+12 | BG42: 1.4674385e+12 | BH42: 1.2971237e+12 | BI42: 1.3212267e+12 | BJ42: 1.4674244e+12 | BK42: 1.6576339e+12 | BL42: 1.6851236e+12 | BM42: 1.6787569e+12 | BN42: 1.9268044e+12 | BO42: 1.9559258e+12 | BP42: 2.2677606e+12 | BQ42: =BP42 -> 2.2677606e+12 | BR42: =IF(ISERROR(INDEX(GDP!$A:$A, MATCH($A42, GDP!$A:$A, 0 ) )), "No", "Yes") -> No
A43: Switzerland | B43: CHE | C43: GDP (current US$) | D43: NY.GDP.MKTP.CD | E43: 1.0412233e+10 | F43: 1.1713349e+10 | G43: 1.298965e+10 | H43: 1.4283872e+10 | I43: 1.5833134e+10 | J43: 1.6780226e+10 | K43: 1.8019402e+10 | L43: 1.9397045e+10 | M43: 2.0712103e+10 | N43: 2.2442043e+10 | O43: 2.4998067e+10 | P43: 3.0040172e+10 | Q43: 3.6844319e+10 | R43: 4.9550006e+10 | S43: 5.7103011e+10 | T43: 6.5466082e+10 | U43: 6.8476525e+10 | V43: 7.3135771e+10 | W43: 1.0228047e+11 | X43: 1.1497009e+11 | Y43: 1.2255784e+11 | Z43: 1.1224481e+11 | AA43: 1.1504337e+11 | AB43: 1.1463436e+11 | AC43: 1.0945531e+11 | AD43: 1.1098031e+11 | AE43: 1.5908992e+11 | AF43: 1.9923637e+11 | AG43: 2.1554063e+11 | AH43: 2.0810585e+11 | AI43: 2.6576357e+11 | AJ43: 2.6890169e+11 | AK43: 2.7992143e+11 | AL43: 2.7223753e+11 | AM43: 3.0137506e+11 | AN43: 3.5283581e+11 | AO43: 3.4010396e+11 | AP43: 2.947882e+11 | AQ43: 3.0345901e+11 | AR43: 2.9787364e+11 | AS43: 2.7921603e+11 | AT43: 2.8658267e+11 | AU43: 3.0930142e+11 | AV43: 3.6207509e+11 | AW43: 4.0391289e+11 | AX43: 4.1828487e+11 | AY43: 4.4163467e+11 | AZ43: 4.9074072e+11 | BA43: 5.6726777e+11 | BB43: 5.5421292e+11 | BC43: 5.9885103e+11 | BD43: 7.1588813e+11 | BE43: 6.8642022e+11 | BF43: 7.0623494e+11 | BG43: 726537808338 | BH43: 6.9411819e+11 | BI43: 6.8789546e+11 | BJ43: 6.9520083e+11 | BK43: 7.2556872e+11 | BL43: 7.2136911e+11 | BM43: 7.4199941e+11 | BN43: 8.1340879e+11 | BO43: 8.1842655e+11 | BP43: 8.849404e+11 | BQ43: =BP43 -> 8.849404e+11 | BR43: =IF(ISERROR(INDEX(GDP!$A:$A, MATCH($A43, GDP!$A:$A, 0 ) )), "No", "Yes") -> No
A44: Channel Islands | B44: CHI | C44: GDP (current US$) | D44: NY.GDP.MKTP.CD | AQ44: 5.9456774e+09 | AR44: 6.2627407e+09 | AS44: 6.4397034e+09 | AT44: 6.2329063e+09 | AU44: 6.6636691e+09 | AV44: 7.3322449e+09 | AW44: 8.5536434e+09 | AX44: 8.8272727e+09 | AY44: 9.676173e+09 | AZ44: 1.1514606e+10 | BB44: 9.1007557e+09 | BC44: 8.9020704e+09 | BD44: 9.6493139e+09 | BE44: 9.4553402e+09 | BF44: 9.5941609e+09 | BG44: 1.0528493e+10 | BH44: 1.0109969e+10 | BI44: 9.1692782e+09 | BJ44: 9.1700799e+09 | BK44: 1.0026153e+10 | BL44: 1.0032441e+10 | BM44: 9.4398108e+09 | BN44: 1.1157003e+10 | BO44: 1.13083e+10 | BP44: 1.2507927e+10 | BQ44: =BP44 -> 1.2507927e+10 | BR44: =IF(ISERROR(INDEX(GDP!$A:$A, MATCH($A44, GDP!$A:$A, 0 ) )), "No", "Yes") -> No
A45: Chile | B45: CHL | C45: GDP (current US$) | D45: NY.GDP.MKTP.CD | E45: 4110000000 | F45: 4.8292381e+09 | G45: 5.6312854e+09 | H45: 5.591307e+09 | I45: 5.9641959e+09 | J45: 6.1086791e+09 | K45: 7.1626331e+09 | L45: 7.0574783e+09 | M45: 7.192103e+09 | N45: 8.3595962e+09 | O45: 9.1441124e+09 | P45: 1.0876091e+10 | Q45: 1.1833904e+10 | R45: 1.6826391e+10 | S45: 1.6209693e+10 | T45: 7.6215701e+09 | U45: 1.0338624e+10 | V45: 1.3965595e+10 | W45: 1.5992039e+10 | X45: 2.1806136e+10 | Y45: 2.903671e+10 | Z45: 3.4509878e+10 | AA45: 1.9529291e+10 | AB45: 2.0362017e+10 | AC45: 1.9671768e+10 | AD45: 1.7717662e+10 | AE45: 1.8897111e+10 | AF45: 2.225073e+10 | AG45: 2.6042572e+10 | AH45: 2.9936735e+10 | AI45: 3.3137825e+10 | AJ45: 3.7846188e+10 | AK45: 4.5949609e+10 | AL45: 4.9287379e+10 | AM45: 5.6998601e+10 | AN45: 7.3444832e+10 | AO45: 7.8584099e+10 | AP45: 8.5741415e+10 | AQ45: 8.1990011e+10 | AR45: 7.5578686e+10 | AS45: 7.8339751e+10 | AT45: 7.157474e+10 | AU45: 7.0264046e+10 | AV45: 7.649258e+10 | AW45: 9.9075986e+10 | AX45: 1.2229415e+11 | AY45: 1.5384352e+11 | AZ45: 1.7249108e+11 | BA45: 1.7989459e+11 | BB45: 1.717779e+11 | BC45: 2.1705121e+11 | BD45: 2.5138257e+11 | BE45: 2.6702478e+11 | BF45: 2.7739502e+11 | BG45: 2.5956098e+11 | BH45: 2.4245036e+11 | BI45: 2.4934486e+11 | BJ45: 2.7615426e+11 | BK45: 2.9585756e+11 | BL45: 2.7828506e+11 | BM45: 2.5404216e+11 | BN45: 3.1551501e+11 | BO45: 3.0211654e+11 | BP45: 3.3553333e+11 | BQ45: =BP45 -> 3.3553333e+11 | BR45: =IF(ISERROR(INDEX(GDP!$A:$A, MATCH($A45, GDP!$A:$A, 0 ) )), "No", "Yes") -> No
A46: China | B46: CHN | C46: GDP (current US$) | D46: NY.GDP.MKTP.CD | E46: 5.9716249e+10 | F46: 5.0056686e+10 | G46: 4.7209186e+10 | H46: 5.0706615e+10 | I46: 5.9708125e+10 | J46: 7.0436009e+10 | K46: 7.6720005e+10 | L46: 7.2881365e+10 | M46: 7.0846276e+10 | N46: 7.9705615e+10 | O46: 9.2602635e+10 | P46: 9.9800594e+10 | Q46: 1.1368931e+11 | R46: 1.3854317e+11 | S46: 1.4418897e+11 | T46: 1.6342953e+11 | U46: 1.5393927e+11 | V46: 1.7493593e+11 | W46: 1.4954075e+11 | X46: 1.7828059e+11 | Y46: 191149211575 | Z46: 1.9586638e+11 | AA46: 2.050897e+11 | AB46: 2.3068675e+11 | AC46: 2.5994651e+11 | AD46: 3.0948803e+11 | AE46: 3.007581e+11 | AF46: 2.7297297e+11 | AG46: 3.1235363e+11 | AH46: 3.4776805e+11 | AI46: 3.6085791e+11 | AJ46: 3.8337332e+11 | AK46: 4.2691571e+11 | AL46: 4.4473128e+11 | AM46: 5.6432185e+11 | AN46: 7.3448483e+11 | AO46: 8.6374931e+11 | AP46: 9.6160198e+11 | AQ46: 1.0290607e+12 | AR46: 1.0940039e+12 | AS46: 1.2113317e+12 | AT46: 1.3394009e+12 | AU46: 1.4705577e+12 | AV46: 1.6602805e+12 | AW46: 1.9553468e+12 | AX46: 2.2859611e+12 | AY46: 2.7521187e+12 | AZ46: 3.5503278e+12 | BA46: 4.5943368e+12 | BB46: 5.1016911e+12 | BC46: 6.0871917e+12 | BD46: 7.5515457e+12 | BE46: 8.5321854e+12 | BF46: 9.5704711e+12 | BG46: 1.0475625e+13 | BH46: 1.1061573e+13 | BI46: 1.1233314e+13 | BJ46: 1.2310491e+13 | BK46: 1.3894908e+13 | BL46: 1.4279969e+13 | BM46: 14687744162801 | BN46: 1.782046e+13 | BO46: 1.7881783e+13 | BP46: 17794783039552 | BQ46: =BP46 -> 17794783039552 | BR46: =IF(ISERROR(INDEX(GDP!$A:$A, MATCH($A46, GDP!$A:$A, 0 ) )), "No", "Yes") -> No
A47: Cote d'Ivoire | B47: CIV | C47: GDP (current US$) | D47: NY.GDP.MKTP.CD | E47: 5.4620356e+08 | F47: 6.1824563e+08 | G47: 6.4528447e+08 | H47: 7.610472e+08 | I47: 9.2106333e+08 | J47: 9.1977123e+08 | K47: 1.0241029e+09 | L47: 1.0829227e+09 | M47: 1.2812813e+09 | N47: 1.3613603e+09 | O47: 1.4554828e+09 | P47: 1.5841285e+09 | Q47: 1.8494004e+09 | R47: 2.5084214e+09 | S47: 3.0701523e+09 | T47: 3.8938392e+09 | U47: 4.6620538e+09 | V47: 6.2650682e+09 | W47: 7.9005263e+09 | X47: 9.142934e+09 | Y47: 1.0175618e+10 | Z47: 8.4325899e+09 | AA47: 7.5671108e+09 | AB47: 6.8381848e+09 | AC47: 6.8416392e+09 | AD47: 6.9776506e+09 | AE47: 9.1583021e+09 | AF47: 1.0087654e+10 | AG47: 1.025517e+10 | AH47: 9.7574106e+09 | AI47: 1.0795851e+10 | AJ47: 1.0492629e+10 | AK47: 1.1152971e+10 | AL47: 1.104576e+10 | AM47: 8.3135575e+09 | AN47: 1.1000146e+10 | AO47: 1.8071153e+10 | AP47: 1.8047558e+10 | AQ47: 1.9619655e+10 | AR47: 1.8870992e+10 | AS47: 1.6577534e+10 | AT47: 1.6810537e+10 | AU47: 1.8054383e+10 | AV47: 2.1251754e+10 | AW47: 2.3510576e+10 | AX47: 2.4036919e+10 | AY47: 2.5281413e+10 | AZ47: 2.8760091e+10 | BA47: 3.407824e+10 | BB47: 3.3886813e+10 | BC47: 3.4936308e+10 | BD47: 3.6693711e+10 | BE47: 3.6302303e+10 | BF47: 4.2760235e+10 | BG47: 4.8843006e+10 | BH47: 4.5815005e+10 | BI47: 4.8407761e+10 | BJ47: 5.2512344e+10 | BK47: 5.8522478e+10 | BL47: 6.0382895e+10 | BM47: 6.3027853e+10 | BN47: 7.2794637e+10 | BO47: 7.017314e+10 | BP47: 7.8875489e+10 | BQ47: =BP47 -> 7.8875489e+10 | BR47: =IF(ISERROR(INDEX(GDP!$A:$A, MATCH($A47, GDP!$A:$A, 0 ) )), "No", "Yes") -> No
A48: Cameroon | B48: CMR | C48: GDP (current US$) | D48: NY.GDP.MKTP.CD | E48: 6.1420607e+08 | F48: 6.5277761e+08 | G48: 6.9424786e+08 | H48: 7.1832085e+08 | I48: 7.7665018e+08 | J48: 8.1408327e+08 | K48: 8.5111253e+08 | L48: 9.3617526e+08 | M48: 1.0461912e+09 | N48: 1.1005515e+09 | O48: 1.151217e+09 | P48: 1.2369414e+09 | Q48: 1.4982519e+09 | R48: 1.9013934e+09 | S48: 2.1574155e+09 | T48: 2.8570374e+09 | U48: 2.89809e+09 | V48: 3.394664e+09 | W48: 4.6628526e+09 | X48: 5.919003e+09 | Y48: 6.674569e+09 | Z48: 6.6109386e+09 | AA48: 6.611256e+09 | AB48: 6.8702e+09 | AC48: 7.311938e+09 | AD48: 8.5448105e+09 | AE48: 1.1857056e+10 | AF48: 1.304966e+10 | AG48: 1.2236057e+10 | AH48: 1.1012566e+10 | AI48: 1.2314483e+10 | AJ48: 1.1840192e+10 | AK48: 1.2071775e+10 | AL48: 1.6181815e+10 | AM48: 8.9024463e+09 | AN48: 1.0864772e+10 | AO48: 1.1093539e+10 | AP48: 1.0789458e+10 | AQ48: 1.1298145e+10 | AR48: 1.1565826e+10 | AS48: 1.0566579e+10 | AT48: 1.0953485e+10 | AU48: 1.2417251e+10 | AV48: 1.5970315e+10 | AW48: 1.8826214e+10 | AX48: 1.9509852e+10 | AY48: 2.0910513e+10 | AZ48: 2.392825e+10 | BA48: 2.7715142e+10 | BB48: 2.793297e+10 | BC48: 2.7507502e+10 | BD48: 3.063091e+10 | BE48: 3.0155062e+10 | BF48: 3.3728621e+10 | BG48: 3.6386545e+10 | BH48: 3.2210233e+10 | BI48: 3.3814337e+10 | BJ48: 3.6098547e+10 | BK48: 3.9955552e+10 | BL48: 3.9667758e+10 | BM48: 4.0773241e+10 | BN48: 4.5011937e+10 | BO48: 4.4347206e+10 | BP48: 4.9279411e+10 | BQ48: =BP48 -> 4.9279411e+10 | BR48: =IF(ISERROR(INDEX(GDP!$A:$A, MATCH($A48, GDP!$A:$A, 0 ) )), "No", "Yes") -> No
A49: Congo, Dem. Rep. | B49: COD | C49: GDP (current US$) | D49: NY.GDP.MKTP.CD | E49: 3.3594041e+09 | F49: 3.0867469e+09 | G49: 3.7798414e+09 | H49: 6.2131857e+09 | I49: 2.8815453e+09 | J49: 4.0439018e+09 | K49: 4.5326602e+09 | L49: 3.3840634e+09 | M49: 3.9097805e+09 | N49: 5.032435e+09 | O49: 4.8776849e+09 | P49: 5.5947704e+09 | Q49: 6.1737128e+09 | R49: 7.8702395e+09 | S49: 9.5969602e+09 | T49: 1.0237343e+10 | U49: 9.6485832e+09 | V49: 1.2344425e+10 | W49: 1.5372608e+10 | X49: 1.5068422e+10 | Y49: 1.4394927e+10 | Z49: 1.2537821e+10 | AA49: 1.3651667e+10 | AB49: 1.1006713e+10 | AC49: 7.8577292e+09 | AD49: 7.1950426e+09 | AE49: 8.0953672e+09 | AF49: 7.6616255e+09 | AG49: 8.8613e+09 | AH49: 9.0218628e+09 | AI49: 9.3497646e+09 | AJ49: 9.0879653e+09 | AK49: 8.2062271e+09 | AL49: 1.0707792e+10 | AM49: 5.8203833e+09 | AN49: 5.6434394e+09 | AO49: 5.7714549e+09 | AP49: 6.0908405e+09 | AQ49: 6.2178063e+09 | AR49: 4.7112594e+09 | AS49: 1.9088046e+10 | AT49: 7.4381891e+09 | AU49: 8.7280385e+09 | AV49: 8.9375671e+09 | AW49: 1.0297483e+10 | AX49: 1.1964484e+10 | AY49: 1.4451902e+10 | AZ49: 1.6737072e+10 | BA49: 1.9788516e+10 | BB49: 1.8648373e+10 | BC49: 2.1565721e+10 | BD49: 2.5839749e+10 | BE49: 2.9306235e+10 | BF49: 3.2679745e+10 | BG49: 3.5909041e+10 | BH49: 3.7917706e+10 | BI49: 3.7134802e+10 | BJ49: 3.8019265e+10 | BK49: 4.756821e+10 | BL49: 5.177583e+10 | BM49: 4.8716962e+10 | BN49: 5.5328483e+10 | BO49: 6.5801548e+10 | BP49: 6.6383287e+10 | BQ49: =BP49 -> 6.6383287e+10 | BR49: =IF(ISERROR(INDEX(GDP!$A:$A, MATCH($A49, GDP!$A:$A, 0 ) )), "No", "Yes") -> No
A50: Congo, Rep. | B50: COG | C50: GDP (current US$) | D50: NY.GDP.MKTP.CD | E50: 1.3173186e+08 | F50: 1.5167574e+08 | G50: 1.6652124e+08 | H50: 1.7223343e+08 | I50: 1.8569372e+08 | J50: 1.9831806e+08 | K50: 2.2061358e+08 | L50: 2.3739743e+08 | M50: 2.5124746e+08 | N50: 2.6504004e+08 | O50: 2.749607e+08 | P50: 3.2212802e+08 | Q50: 4.1066926e+08 | R50: 5.4197336e+08 | S50: 5.8536463e+08 | T50: 7.6710268e+08 | U50: 7.545496e+08 | V50: 7.6522403e+08 | W50: 8.7877177e+08 | X50: 1.1987497e+09 | Y50: 1.7057969e+09 | Z50: 1.9935123e+09 | AA50: 2.1606406e+09 | AB50: 2.0972743e+09 | AC50: 2.1935814e+09 | AD50: 2.1608725e+09 | AE50: 1.8492682e+09 | AF50: 2.2977537e+09 | AG50: 2.2125363e+09 | AH50: 2.389593e+09 | AI50: 2.7987461e+09 | AJ50: 2.7248535e+09 | AK50: 2.9332227e+09 | AL50: 2.6843236e+09 | AM50: 1.7693654e+09 | AN50: 2.1160039e+09 | AO50: 2.5406975e+09 | AP50: 2.3227191e+09 | AQ50: 1.9494814e+09 | AR50: 2.354773e+09 | AS50: 3.2279277e+09 | AT50: 2.7967046e+09 | AU50: 3.0342509e+09 | AV50: 3.5037231e+09 | AW50: 4.6569749e+09 | AX50: 6.6500017e+09 | AY50: 8.072305e+09 | AZ50: 8.7827034e+09 | BA50: 1.1649858e+10 | BB50: 9.7232999e+09 | BC50: 1.3148396e+10 | BD50: 1.5655384e+10 | BE50: 1.7692911e+10 | BF50: 1.7958721e+10 | BG50: 1.7919321e+10 | BH50: 1.2434794e+10 | BI50: 1.0931328e+10 | BJ50: 1.1834473e+10 | BK50: 1.47739e+10 | BL50: 1.3976638e+10 | BM50: 1.1468687e+10 | BN50: 1.482569e+10 | BO50: 1.581703e+10 | BP50: 1.5321056e+10 | BQ50: =BP50 -> 1.5321056e+10 | BR50: =IF(ISERROR(INDEX(GDP!$A:$A, MATCH($A50, GDP!$A:$A, 0 ) )), "No", "Yes") -> No
A51: Colombia | B51: COL | C51: GDP (current US$) | D51: NY.GDP.MKTP.CD | E51: 4.031153e+09 | F51: 4.5404478e+09 | G51: 4.9555382e+09 | H51: 4.8361667e+09 | I51: 5.9733667e+09 | J51: 5.7607619e+09 | K51: 5.4285185e+09 | L51: 5.8251704e+09 | M51: 5.9602129e+09 | N51: 6.4501752e+09 | O51: 7.1983605e+09 | P51: 7.820381e+09 | Q51: 8.6713587e+09 | R51: 1.031576e+10 | S51: 1.237003e+10 | T51: 1.3098634e+10 | U51: 1.5341404e+10 | V51: 1.9470961e+10 | W51: 2.3263512e+10 | X51: 2.7940411e+10 | Y51: 3.3400736e+10 | Z51: 3.6388367e+10 | AA51: 3.896804e+10 | AB51: 3.8729823e+10 | AC51: 3.8253121e+10 | AD51: 3.4894419e+10 | AE51: 3.494249e+10 | AF51: 3.6373307e+10 | AG51: 3.921255e+10 | AH51: 3.954008e+10 | AI51: 4.7844091e+10 | AJ51: 4.9637994e+10 | AK51: 5.8394443e+10 | AL51: 6.6474101e+10 | AM51: 8.1705498e+10 | AN51: 9.2495971e+10 | AO51: 9.7153389e+10 | AP51: 1.0665649e+11 | AQ51: 9.8486359e+10 | AR51: 8.6278948e+10 | AS51: 9.9875075e+10 | AT51: 9.8200641e+10 | AU51: 9.7945813e+10 | AV51: 9.4644969e+10 | AW51: 1.1709242e+11 | AX51: 1.4560053e+11 | AY51: 1.6179296e+11 | AZ51: 2.0622954e+11 | BA51: 2.4250415e+11 | BB51: 2.3246866e+11 | BC51: 2.8649853e+11 | BD51: 3.3496613e+11 | BE51: 3.7069114e+11 | BF51: 3.820937e+11 | BG51: 3.8124086e+11 | BH51: 2.9349237e+11 | BI51: 2.827201e+11 | BJ51: 3.1186688e+11 | BK51: 3.3419822e+11 | BL51: 3.230317e+11 | BM51: 2.7034834e+11 | BN51: 3.1852463e+11 | BO51: 3.4532988e+11 | BP51: 3.6349384e+11 | BQ51: =BP51 -> 3.6349384e+11 | BR51: =IF(ISERROR(INDEX(GDP!$A:$A, MATCH($A51, GDP!$A:$A, 0 ) )), "No", "Yes") -> No
A52: Comoros | B52: COM | C52: GDP (current US$) | D52: NY.GDP.MKTP.CD | Y52: 2.1221826e+08 | Z52: 1.9634993e+08 | AA52: 1.8400901e+08 | AB52: 1.9162195e+08 | AC52: 1.8469723e+08 | AD52: 1.967261e+08 | AE52: 2.7919772e+08 | AF52: 3.3752585e+08 | AG52: 3.5650003e+08 | AH52: 3.4147677e+08 | AI52: 4.2962218e+08 | AJ52: 4.2410877e+08 | AK52: 4.5738865e+08 | AL52: 4.5288148e+08 | AM52: 3.1918918e+08 | AN52: 3.984618e+08 | AO52: 3.9605381e+08 | AP52: 3.644456e+08 | AQ52: 3.7010675e+08 | AR52: 3.8245499e+08 | AS52: 3.5113658e+08 | AT52: 3.7851202e+08 | AU52: 4.2596468e+08 | AV52: 5.4688522e+08 | AW52: 6.3370611e+08 | AX52: 6.5384517e+08 | AY52: 6.9843179e+08 | AZ52: 7.9567315e+08 | BA52: 9.1565911e+08 | BB52: 9.0534117e+08 | BC52: 9.0797873e+08 | BD52: 1.0230863e+09 | BE52: 1.0158435e+09 | BF52: 1.1162241e+09 | BG52: 1.1495877e+09 | BH52: 9.660296e+08 | BI52: 1.0128355e+09 | BJ52: 1.0774398e+09 | BK52: 1.1887974e+09 | BL52: 1.1950195e+09 | BM52: 1.2250392e+09 | BN52: 1.2960895e+09 | BO52: 1.2425194e+09 | BP52: 1.352381e+09 | BQ52: =BP52 -> 1.352381e+09 | BR52: =IF(ISERROR(INDEX(GDP!$A:$A, MATCH($A52, GDP!$A:$A, 0 ) )), "No", "Yes") -> No
A53: Cabo Verde | B53: CPV | C53: GDP (current US$) | D53: NY.GDP.MKTP.CD | Y53: 1.4224682e+08 | Z53: 1.3946821e+08 | AA53: 1.4063068e+08 | AB53: 1.3847618e+08 | AC53: 1.3201904e+08 | AD53: 1.377282e+08 | AE53: 1.9065117e+08 | AF53: 2.3525306e+08 | AG53: 2.6430814e+08 | AH53: 2.6744857e+08 | AI53: 3.0689096e+08 | AJ53: 3.1982706e+08 | AK53: 3.5716099e+08 | AL53: 4.9041739e+08 | AM53: 4.0658065e+08 | AN53: 4.8714899e+08 | AO53: 5.0197927e+08 | AP53: 4.9060866e+08 | AQ53: 5.2191056e+08 | AR53: 5.924167e+08 | AS53: 5.3922728e+08 | AT53: 5.6309049e+08 | AU53: 6.2050739e+08 | AV53: 8.1326047e+08 | AW53: 9.2494001e+08 | AX53: 9.7224168e+08 | AY53: 1.1075715e+09 | AZ53: 1.6496217e+09 | BA53: 1.9596206e+09 | BB53: 1.8523346e+09 | BC53: 1.8247515e+09 | BD53: 2.046818e+09 | BE53: 1.9130812e+09 | BF53: 2.0289109e+09 | BG53: 2.0419301e+09 | BH53: 1.7498576e+09 | BI53: 1.84979e+09 | BJ53: 1.9967415e+09 | BK53: 2.2050995e+09 | BL53: 2.2521771e+09 | BM53: 1.8215656e+09 | BN53: 2.0518426e+09 | BO53: 2.2470033e+09 | BP53: 2.5338194e+09 | BQ53: =BP53 -> 2.5338194e+09 | BR53: =IF(ISERROR(INDEX(GDP!$A:$A, MATCH($A53, GDP!$A:$A, 0 ) )), "No", "Yes") -> No
A54: Costa Rica | B54: CRI | C54: GDP (current US$) | D54: NY.GDP.MKTP.CD | E54: 5.0751383e+08 | F54: 4.9032518e+08 | G54: 4.7918082e+08 | H54: 5.1190214e+08 | I54: 5.4257837e+08 | J54: 5.9298116e+08 | K54: 6.4730563e+08 | L54: 6.9945662e+08 | M54: 7.7384149e+08 | N54: 8.536302e+08 | O54: 9.8483016e+08 | P54: 1.0771475e+09 | Q54: 1.2382517e+09 | R54: 1.5289258e+09 | S54: 1.6665448e+09 | T54: 1.9608635e+09 | U54: 2.4125554e+09 | V54: 3.072427e+09 | W54: 3.5232088e+09 | X54: 4.0355193e+09 | Y54: 4.831447e+09 | Z54: 2.6238031e+09 | AA54: 2.6066236e+09 | AB54: 3.1467726e+09 | AC54: 3.6604779e+09 | AD54: 3.919204e+09 | AE54: 4.4189839e+09 | AF54: 4.532952e+09 | AG54: 4.6146299e+09 | AH54: 5.2510258e+09 | AI54: 5.7116878e+09 | AJ54: 7.2157255e+09 | AK54: 8.5797548e+09 | AL54: 9.564816e+09 | AM54: 1.0489904e+10 | AN54: 1.1578594e+10 | AO54: 1.1678425e+10 | AP54: 1.2614602e+10 | AQ54: 1.3684256e+10 | AR54: 1.4254866e+10 | AS54: 1.501363e+10 | AT54: 1.5976174e+10 | AU54: 1.6578821e+10 | AV54: 1.7271761e+10 | AW54: 1.8610595e+10 | AX54: 2.0040642e+10 | AY54: 2.271554e+10 | AZ54: 2.6884701e+10 | BA54: 3.0801746e+10 | BB54: 3.0745714e+10 | BC54: 3.7658617e+10 | BD54: 4.2762614e+10 | BE54: 4.7231655e+10 | BF54: 5.0949669e+10 | BG54: 5.2016409e+10 | BH54: 5.6441921e+10 | BI54: 5.884702e+10 | BJ54: 6.0516045e+10 | BK54: 6.2420165e+10 | BL54: 6.4417671e+10 | BM54: 6.2395611e+10 | BN54: 6.4960726e+10 | BO54: 6.9243626e+10 | BP54: 8.6497941e+10 | BQ54: =BP54 -> 8.6497941e+10 | BR54: =IF(ISERROR(INDEX(GDP!$A:$A, MATCH($A54, GDP!$A:$A, 0 ) )), "No", "Yes") -> Yes
A55: Caribbean small states | B55: CSS | C55: GDP (current US$) | D55: NY.GDP.MKTP.CD | E55: 6.4114636e+08 | F55: 6.9960133e+08 | G55: 7.5060479e+08 | H55: 7.8256209e+08 | I55: 8.4947387e+08 | J55: 9.4135607e+08 | K55: 1.0672949e+09 | L55: 1.2019489e+09 | M55: 1.2591629e+09 | N55: 1.4195356e+09 | O55: 1.4951101e+09 | P55: 1.6131614e+09 | Q55: 1.698692e+09 | R55: 1.9137646e+09 | S55: 2.1876912e+09 | T55: 2.3978427e+09 | U55: 2.4587751e+09 | V55: 2.8089689e+09 | W55: 3.2263805e+09 | X55: 3.8116263e+09 | Y55: 4.6404964e+09 | Z55: 4.9853688e+09 | AA55: 5.1522777e+09 | AB55: 5.4252832e+09 | AC55: 5.9319648e+09 | AD55: 6.4186828e+09 | AE55: 6.9792267e+09 | AF55: 7.5366655e+09 | AG55: 8.2487946e+09 | AH55: 8.2831878e+09 | AI55: 8.5057403e+09 | AJ55: 8.6393791e+09 | AK55: 8.8039132e+09 | AL55: 9.1469074e+09 | AM55: 9.8418501e+09 | AN55: 1.0403406e+10 | AO55: 1.1182904e+10 | AP55: 1.4337614e+10 | AQ55: 1.5600545e+10 | AR55: 1.6585437e+10 | AS55: 1.7471511e+10 | AT55: 1.7643048e+10 | AU55: 1.8692379e+10 | AV55: 1.9254398e+10 | AW55: 2.0288514e+10 | AX55: 2.2215175e+10 | AY55: 2.5930658e+10 | AZ55: 2.807512e+10 | BA55: 2.9403259e+10 | BB55: 2.8715219e+10 | BC55: 3.037858e+10 | BD55: 3.1032623e+10 | BE55: 3.2709956e+10 | BF55: 3.3069159e+10 | BG55: 3.4129545e+10 | BH55: 3.5085993e+10 | BI55: 3.3933421e+10 | BJ55: 3.543812e+10 | BK55: 3.6727458e+10 | BL55: 3.8046955e+10 | BM55: 3.176321e+10 | BN55: 3.7091446e+10 | BO55: 4.874049e+10 | BP55: 5.3296161e+10 | BQ55: =BP55 -> 5.3296161e+10 | BR55: =IF(ISERROR(INDEX(GDP!$A:$A, MATCH($A55, GDP!$A:$A, 0 ) )), "No", "Yes") -> No
A56: Cuba | B56: CUB | C56: GDP (current US$) | D56: NY.GDP.MKTP.CD | O56: 5693005200 | P56: 6914658400 | Q56: 8.1351509e+09 | R56: 9.9877097e+09 | S56: 1.1405957e+10 | T56: 1.3027415e+10 | U56: 1.378958e+10 | V56: 1.4206159e+10 | W56: 1.7844705e+10 | X56: 1.9584443e+10 | Y56: 1.991289e+10 | Z56: 2.0150254e+10 | AA56: 2.095351e+10 | AB56: 2.2204941e+10 | AC56: 2.4039384e+10 | AD56: 2.2920491e+10 | AE56: 2.4226575e+10 | AF56: 2.5213935e+10 | AG56: 2.7458999e+10 | AH56: 2.7023469e+10 | AI56: 2.8645437e+10 | AJ56: 2.4316556e+10 | AK56: 2.2085858e+10 | AL56: 2.2367255e+10 | AM56: 2.8448327e+10 | AN56: 3.0429804e+10 | AO56: 25017368700 | AP56: 25365908100 | AQ56: 25736331200 | AR56: 28364615200 | AS56: 30565400000 | AT56: 31682400000 | AU56: 33590500000 | AV56: 35901200000 | AW56: 38203000000 | AX56: 42643836100 | AY56: 4.8835926e+10 | AZ56: 5.426287e+10 | BA56: 5.630213e+10 | BB56: 5.7481481e+10 | BC56: 5.9562963e+10 | BD56: 68990000000 | BE56: 73141000000 | BF56: 77148000000 | BG56: 80656100000 | BH56: 87132800000 | BI56: 9.1370408e+10 | BJ56: 9.685065e+10 | BK56: 1.0005004e+11 | BL56: 103427600000 | BM56: 107351800000 | BQ56: =BP56 -> 0 | BR56: =IF(ISERROR(INDEX(GDP!$A:$A, MATCH($A56, GDP!$A:$A, 0 ) )), "No", "Yes") -> No
A57: Curacao | B57: CUW | C57: GDP (current US$) | D57: NY.GDP.MKTP.CD | AS57: 2.1205112e+09 | AT57: 2.1434507e+09 | AU57: 2.1607847e+09 | AV57: 2.2021174e+09 | AW57: 2.2371605e+09 | AX57: 2.3446373e+09 | AY57: 2.4575817e+09 | AZ57: 2.5938315e+09 | BA57: 2.8334761e+09 | BB57: 2.8691532e+09 | BC57: 2.9513428e+09 | BD57: 2.9300922e+09 | BE57: 3.0128363e+09 | BF57: 3.0335686e+09 | BG57: 3.059407e+09 | BH57: 3.0587792e+09 | BI57: 3.0246902e+09 | BJ57: 3.0334332e+09 | BK57: 3.0463648e+09 | BL57: 3.0261241e+09 | BM57: 2.5343276e+09 | BN57: 2.7396082e+09 | BO57: 3.0751808e+09 | BP57: 3.2814193e+09 | BQ57: =BP57 -> 3.2814193e+09 | BR57: =IF(ISERROR(INDEX(GDP!$A:$A, MATCH($A57, GDP!$A:$A, 0 ) )), "No", "Yes") -> No
A58: Cayman Islands | B58: CYM | C58: GDP (current US$) | D58: NY.GDP.MKTP.CD | AY58: 4.2002882e+09 | AZ58: 4.4662781e+09 | BA58: 4.585949e+09 | BB58: 4.2817146e+09 | BC58: 4.1568411e+09 | BD58: 4.1860731e+09 | BE58: 4.2910045e+09 | BF58: 4.405796e+09 | BG58: 4.5628536e+09 | BH58: 4.7081672e+09 | BI58: 4.9093222e+09 | BJ58: 5.1662813e+09 | BK58: 5.5301784e+09 | BL58: 5.9418966e+09 | BM58: 5.655358e+09 | BN58: 6.0600265e+09 | BO58: 6.600844e+09 | BP58: 7.1394286e+09 | BQ58: =BP58 -> 7.1394286e+09 | BR58: =IF(ISERROR(INDEX(GDP!$A:$A, MATCH($A58, GDP!$A:$A, 0 ) )), "No", "Yes") -> No
A59: Cyprus | B59: CYP | C59: GDP (current US$) | D59: NY.GDP.MKTP.CD | T59: 4.8991254e+08 | U59: 5.7609002e+08 | V59: 7.3487622e+08 | W59: 9.6402471e+08 | X59: 1.288699e+09 | Y59: 2.1543113e+09 | Z59: 2.0874964e+09 | AA59: 2.1592424e+09 | AB59: 2.1603641e+09 | AC59: 2.278249e+09 | AD59: 2.4304119e+09 | AE59: 3.0907345e+09 | AF59: 3.7048139e+09 | AG59: 4.2787926e+09 | AH59: 4.5634826e+09 | AI59: 5.5911302e+09 | AJ59: 5.7701973e+09 | AK59: 6.9121505e+09 | AL59: 6.590291e+09 | AM59: 7.4257039e+09 | AN59: 9.9331371e+09 | AO59: 1.0011915e+10 | AP59: 9.5478164e+09 | AQ59: 1.0248619e+10 | AR59: 1.0497907e+10 | AS59: 9.9858473e+09 | AT59: 1.0397899e+10 | AU59: 1.1420229e+10 | AV59: 1.454733e+10 | AW59: 17320551250 | AX59: 1.8433413e+10 | AY59: 2.0072755e+10 | AZ59: 2.3968727e+10 | BA59: 2.7844646e+10 | BB59: 2.604818e+10 | BC59: 2.579994e+10 | BD59: 2.7641548e+10 | BE59: 2.5047437e+10 | BF59: 2.3959713e+10 | BG59: 2.3225918e+10 | BH59: 1.9909278e+10 | BI59: 2.1046462e+10 | BJ59: 2.2946571e+10 | BK59: 2.5754001e+10 | BL59: 2.6196667e+10 | BM59: 2.5555094e+10 | BN59: 3.0372874e+10 | BO59: 3.0976177e+10 | BP59: 3.3886931e+10 | BQ59: =BP59 -> 3.3886931e+10 | BR59: =IF(ISERROR(INDEX(GDP!$A:$A, MATCH($A59, GDP!$A:$A, 0 ) )), "No", "Yes") -> No
A60: Czechia | B60: CZE | C60: GDP (current US$) | D60: NY.GDP.MKTP.CD | AI60: 4.1016882e+10 | AJ60: 3.0071014e+10 | AK60: 3.5051065e+10 | AL60: 4.1155654e+10 | AM60: 4.8188478e+10 | AN60: 6.0572381e+10 | AO60: 6.7804105e+10 | AP60: 6.2539765e+10 | AQ60: 6.7187217e+10 | AR60: 6.5586563e+10 | AS60: 6.2175642e+10 | AT60: 6.8135304e+10 | AU60: 8.260787e+10 | AV60: 1.0043592e+11 | AW60: 1.201479e+11 | AX60: 1.3726419e+11 | AY60: 1.5623626e+11 | AZ60: 1.900407e+11 | BA60: 2.3650626e+11 | BB60: 2.0697188e+11 | BC60: 2.1116867e+11 | BD60: 2.3142938e+11 | BE60: 2.1036322e+11 | BF60: 2.1302436e+11 | BG60: 2.1091129e+11 | BH60: 1.891077e+11 | BI60: 1.9816066e+11 | BJ60: 2.2156358e+11 | BK60: 2.5199236e+11 | BL60: 2.5679421e+11 | BM60: 2.5110966e+11 | BN60: 2.9097271e+11 | BO60: 3.0183123e+11 | BP60: 3.4320787e+11 | BQ60: =BP60 -> 3.4320787e+11 | BR60: =IF(ISERROR(INDEX(GDP!$A:$A, MATCH($A60, GDP!$A:$A, 0 ) )), "No", "Yes") -> No
A61: Germany | B61: DEU | C61: GDP (current US$) | D61: NY.GDP.MKTP.CD | E61: 8.4619846e+10 | F61: 9.6558204e+10 | G61: 1.0589544e+11 | H61: 1.122325e+11 | I61: 1.233304e+11 | J61: 1.3477469e+11 | K61: 1.4330428e+11 | L61: 1.4510067e+11 | M61: 1.5652729e+11 | N61: 1.7773349e+11 | O61: 2.1662923e+11 | P61: 2.5090094e+11 | Q61: 3.0089994e+11 | R61: 3.9983357e+11 | S61: 4.4693497e+11 | T61: 4.9243409e+11 | U61: 5.2165871e+11 | V61: 6.0269832e+11 | W61: 7.4318289e+11 | X61: 8.8457422e+11 | Y61: 9.537725e+11 | Z61: 8.034048e+11 | AA61: 7.7942163e+11 | AB61: 7.7350793e+11 | AC61: 7.2776776e+11 | AD61: 7.3521872e+11 | AE61: 1.0500926e+12 | AF61: 1.3029323e+12 | AG61: 1.406367e+12 | AH61: 1.4040929e+12 | AI61: 1.7781622e+12 | AJ61: 1.8757926e+12 | AK61: 2.1413776e+12 | AL61: 2.0789542e+12 | AM61: 2.2152826e+12 | AN61: 2.5930531e+12 | AO61: 2.5065766e+12 | AP61: 2.2187909e+12 | AQ61: 2.2477604e+12 | AR61: 2.2138735e+12 | AS61: 1.9669807e+12 | AT61: 1.9663815e+12 | AU61: 2.1023508e+12 | AV61: 2.5347155e+12 | AW61: 2.8523178e+12 | AX61: 2.8933932e+12 | AY61: 3.0463088e+12 | AZ61: 3.4840567e+12 | BA61: 3.808786e+12 | BB61: 3.4798008e+12 | BC61: 3.4681543e+12 | BD61: 3.8248286e+12 | BE61: 3.5978965e+12 | BF61: 3.8080863e+12 | BG61: 3.9658007e+12 | BH61: 3.4235685e+12 | BI61: 3.5377841e+12 | BJ61: 3.7630923e+12 | BK61: 4.0520084e+12 | BL61: 3.9572081e+12 | BM61: 3.9401425e+12 | BN61: 4.3482974e+12 | BO61: 4.1635964e+12 | BP61: 4.5257039e+12 | BQ61: =BP61 -> 4.5257039e+12 | BR61: =IF(ISERROR(INDEX(GDP!$A:$A, MATCH($A61, GDP!$A:$A, 0 ) )), "No", "Yes") -> No
A62: Djibouti | B62: DJI | C62: GDP (current US$) | D62: NY.GDP.MKTP.CD | AD62: 3.4098953e+08 | AF62: 3.7337174e+08 | AG62: 3.9579454e+08 | AH62: 4.0922009e+08 | AI62: 4.5232809e+08 | AJ62: 4.62422e+08 | AK62: 4.780583e+08 | AL62: 4.6604847e+08 | AM62: 4.9168922e+08 | AN62: 4.9772396e+08 | AO62: 4.9400465e+08 | AP62: 5.0267554e+08 | AQ62: 5.1426787e+08 | AR62: 5.3608015e+08 | AS62: 5.5123086e+08 | AT62: 5.7241744e+08 | AU62: 5.9112204e+08 | AV62: 6.2204467e+08 | AW62: 6.660721e+08 | AX62: 7.0863319e+08 | AY62: 7.6887368e+08 | AZ62: 8.4791893e+08 | BA62: 9.9910534e+08 | BB62: 1.0491107e+09 | BC62: 1.1286117e+09 | BD62: 1.2391445e+09 | BE62: 1.3536329e+09 | BF62: 2.0428172e+09 | BG62: 2.2146791e+09 | BH62: 2.4243918e+09 | BI62: 2.6049552e+09 | BJ62: 2.7625813e+09 | BK62: 2.9134667e+09 | BL62: 3.0888536e+09 | BM62: 3.185151e+09 | BN62: 3.3858252e+09 | BO62: 3.6742985e+09 | BP62: 4.0985305e+09 | BQ62: =BP62 -> 4.0985305e+09 | BR62: =IF(ISERROR(INDEX(GDP!$A:$A, MATCH($A62, GDP!$A:$A, 0 ) )), "No", "Yes") -> Yes
A63: Dominica | B63: DMA | C63: GDP (current US$) | D63: NY.GDP.MKTP.CD | V63: 45872947 | W63: 57130216 | X63: 55017759 | Y63: 72804653 | Z63: 82107391 | AA63: 89527577 | AB63: 98665191 | AC63: 1.0915707e+08 | AD63: 1.1949193e+08 | AE63: 1.3516196e+08 | AF63: 1.5186875e+08 | AG63: 1.7110618e+08 | AH63: 1.8513724e+08 | AI63: 2.0142963e+08 | AJ63: 2.1976296e+08 | AK63: 2.3405926e+08 | AL63: 2.4552593e+08 | AM63: 2.6437407e+08 | AN63: 2.7452222e+08 | AO63: 2.9228519e+08 | AP63: 3.0298889e+08 | AQ63: 3.2241111e+08 | AR63: 3.3175926e+08 | AS63: 3.3347037e+08 | AT63: 3.402037e+08 | AU63: 3.331963e+08 | AV63: 3.4331111e+08 | AW63: 367200000 | AX63: 3.6425556e+08 | AY63: 3.9025185e+08 | AZ63: 4.2137407e+08 | BA63: 4.5818889e+08 | BB63: 4.8907407e+08 | BC63: 4.9382593e+08 | BD63: 5.0102593e+08 | BE63: 4.859963e+08 | BF63: 4.982963e+08 | BG63: 5.2042963e+08 | BH63: 5.4073704e+08 | BI63: 5.7622963e+08 | BJ63: 5.2155185e+08 | BK63: 5.5477037e+08 | BL63: 6.1153704e+08 | BM63: 5.0421481e+08 | BN63: 5.5526667e+08 | BO63: 6.0715926e+08 | BP63: 6.5399259e+08 | BQ63: =BP63 -> 6.5399259e+08 | BR63: =IF(ISERROR(INDEX(GDP!$A:$A, MATCH($A63, GDP!$A:$A, 0 ) )), "No", "Yes") -> No
A64: Denmark | B64: DNK | C64: GDP (current US$) | D64: NY.GDP.MKTP.CD | E64: 6.3611665e+09 | F64: 7.0583612e+09 | G64: 7.9532747e+09 | H64: 8.466045e+09 | I64: 9.6774013e+09 | J64: 1.0870671e+10 | K64: 1.193174e+10 | L64: 1.3059065e+10 | M64: 1.3505574e+10 | N64: 1.5414903e+10 | O64: 1.7075458e+10 | P64: 1.9086193e+10 | Q64: 2.3230668e+10 | R64: 3.0718181e+10 | S64: 3.4125712e+10 | T64: 4.0418968e+10 | U64: 4.4503607e+10 | V64: 4.971171e+10 | W64: 6.0320089e+10 | X64: 7.0393031e+10 | Y64: 7.0811288e+10 | Z64: 6.1459941e+10 | AA64: 6.0084215e+10 | AB64: 6.0331158e+10 | AC64: 5.8868891e+10 | AD64: 6.2452421e+10 | AE64: 8.7748695e+10 | AF64: 1.0918345e+11 | AG64: 1.1554019e+11 | AH64: 1.123122e+11 | AI64: 1.3821774e+11 | AJ64: 1.3918051e+11 | AK64: 1.5296649e+11 | AL64: 1.4311131e+11 | AM64: 1.5601792e+11 | AN64: 1.8484848e+11 | AO64: 1.8748116e+11 | AP64: 1.7324137e+11 | AQ64: 1.7687708e+11 | AR64: 1.7788772e+11 | AS64: 1.6404382e+11 | AT64: 1.6488159e+11 | AU64: 1.7878821e+11 | AV64: 2.1842119e+11 | AW64: 2.5198616e+11 | AX64: 2.6515009e+11 | AY64: 2.8338615e+11 | AZ64: 3.2021316e+11 | BA64: 3.5497947e+11 | BB64: 3.2261915e+11 | BC64: 3.2234559e+11 | BD64: 3.443156e+11 | BE64: 3.2679257e+11 | BF64: 3.4463102e+11 | BG64: 3.528326e+11 | BH64: 3.0175892e+11 | BI64: 3.1218185e+11 | BJ64: 3.3161059e+11 | BK64: 3.5529337e+11 | BL64: 3.4540147e+11 | BM64: 3.5563102e+11 | BN64: 4.083782e+11 | BO64: 4.0194558e+11 | BP64: 4.0709192e+11 | BQ64: =BP64 -> 4.0709192e+11 | BR64: =IF(ISERROR(INDEX(GDP!$A:$A, MATCH($A64, GDP!$A:$A, 0 ) )), "No", "Yes") -> No
A65: Dominican Republic | B65: DOM | C65: GDP (current US$) | D65: NY.GDP.MKTP.CD | E65: 672399700 | F65: 654100200 | G65: 824100000 | H65: 940799900 | I65: 1025599900 | J65: 888100000 | K65: 983900000 | L65: 1034800000 | M65: 1079100000 | N65: 1230500000 | O65: 1485500000 | P65: 1666500000 | Q65: 1987400000 | R65: 2344800000 | S65: 2925700000 | T65: 3599200000 | U65: 3951500000 | V65: 4587100000 | W65: 4734400000 | X65: 5498800000 | Y65: 6761300000 | Z65: 7561300000 | AA65: 8267400000 | AB65: 9220600000 | AC65: 11594000000 | AD65: 5.04458e+09 | AE65: 6.1221286e+09 | AF65: 5.8270508e+09 | AG65: 5.3743e+09 | AH65: 6.6865931e+09 | AI65: 7.0736755e+09 | AJ65: 9.8244833e+09 | AK65: 11605382504 | AL65: 13081042400 | AM65: 1.4644735e+10 | AN65: 1.6637371e+10 | AO65: 1.8241623e+10 | AP65: 2.001745e+10 | AQ65: 2.1672216e+10 | AR65: 2.2136579e+10 | AS65: 2.4305781e+10 | AT65: 2.5601824e+10 | AU65: 2.7137441e+10 | AV65: 2.1403168e+10 | AW65: 2.2322387e+10 | AX65: 3.5777561e+10 | AY65: 3.787983e+10 | AZ65: 4.3965459e+10 | BA65: 4.8122602e+10 | BB65: 4.8261079e+10 | BC65: 5.3860187e+10 | BD65: 5.8029774e+10 | BE65: 6.0681536e+10 | BF65: 6.2682159e+10 | BG65: 6.7179956e+10 | BH65: 7.1164827e+10 | BI65: 7.5704648e+10 | BJ65: 7.9998046e+10 | BK65: 8.555539e+10 | BL65: 8.8941373e+10 | BM65: 7.8844656e+10 | BN65: 9.4243426e+10 | BO65: 1.1353737e+11 | BP65: 1.2144428e+11 | BQ65: =BP65 -> 1.2144428e+11 | BR65: =IF(ISERROR(INDEX(GDP!$A:$A, MATCH($A65, GDP!$A:$A, 0 ) )), "No", "Yes") -> Yes
A66: Algeria | B66: DZA | C66: GDP (current US$) | D66: NY.GDP.MKTP.CD | E66: 2.7236155e+09 | F66: 2.4347471e+09 | G66: 2.0014445e+09 | H66: 2.702982e+09 | I66: 2.9093164e+09 | J66: 3.1362843e+09 | K66: 3.0398592e+09 | L66: 3.3708704e+09 | M66: 3.852147e+09 | N66: 4.2572533e+09 | O66: 4.8635269e+09 | P66: 5.0771831e+09 | Q66: 6.766744e+09 | R66: 8.7078589e+09 | S66: 1.3209872e+10 | T66: 1.5557903e+10 | U66: 1.7728241e+10 | V66: 2.0972114e+10 | W66: 2.6364491e+10 | X66: 3.3243707e+10 | Y66: 4.2345829e+10 | Z66: 4.434859e+10 | AA66: 4.5207167e+10 | AB66: 4.880137e+10 | AC66: 5.3698548e+10 | AD66: 5.7937869e+10 | AE66: 6.3692008e+10 | AF66: 6.6745818e+10 | AG66: 5.9089397e+10 | AH66: 5.5634722e+10 | AI66: 6.2048508e+10 | AJ66: 4.5715676e+10 | AK66: 4.8003133e+10 | AL66: 4.9945584e+10 | AM66: 4.2543177e+10 | AN66: 4.1764292e+10 | AO66: 4.6941554e+10 | AP66: 4.8177612e+10 | AQ66: 4.8187782e+10 | AR66: 4.8640672e+10 | AS66: 5.4790399e+10 | AT66: 5.9413401e+10 | AU66: 6.1516103e+10 | AV66: 7.3482264e+10 | AW66: 9.1913681e+10 | AX66: 1.0704662e+11 | AY66: 1.2308426e+11 | AZ66: 1.4248274e+11 | BA66: 1.8038385e+11 | BB66: 1.5031729e+11 | BC66: 1.7778505e+11 | BD66: 2.1833195e+11 | BE66: 2.2714375e+11 | BF66: 2.2970143e+11 | BG66: 2.3894266e+11 | BH66: 1.8749386e+11 | BI66: 1.8076384e+11 | BJ66: 1.898809e+11 | BK66: 1.9455448e+11 | BL66: 1.9345966e+11 | BM66: 1.6487342e+11 | BN66: 1.8623121e+11 | BO66: 2.2563846e+11 | BP66: 2.4762616e+11 | BQ66: =BP66 -> 2.4762616e+11 | BR66: =IF(ISERROR(INDEX(GDP!$A:$A, MATCH($A66, GDP!$A:$A, 0 ) )), "No", "Yes") -> Yes
A67: East Asia & Pacific (excluding high income) | B67: EAP | C67: GDP (current US$) | D67: NY.GDP.MKTP.CD | E67: 8.0752363e+10 | F67: 7.1139479e+10 | G67: 6.4884938e+10 | H67: 7.0180391e+10 | I67: 8.1068678e+10 | J67: 9.4462963e+10 | K67: 1.0334777e+11 | L67: 1.0034369e+11 | M67: 1.0144548e+11 | N67: 1.1407472e+11 | O67: 1.2703139e+11 | P67: 1.3642104e+11 | Q67: 1.5533482e+11 | R67: 1.9539449e+11 | S67: 2.2143601e+11 | T67: 2.4851435e+11 | U67: 2.5268547e+11 | V67: 2.9124235e+11 | W67: 2.8267281e+11 | X67: 3.2729732e+11 | Y67: 3.7761075e+11 | Z67: 4.0320189e+11 | AA67: 4.2346107e+11 | AB67: 4.4339704e+11 | AC67: 4.8041896e+11 | AD67: 5.2602342e+11 | AE67: 5.2463e+11 | AF67: 5.1855069e+11 | AG67: 5.7559094e+11 | AH67: 6.2222278e+11 | AI67: 6.6670704e+11 | AJ67: 7.2351637e+11 | AK67: 8.1140604e+11 | AL67: 8.9061797e+11 | AM67: 1.0718708e+12 | AN67: 1.3220309e+12 | AO67: 1.5183295e+12 | AP67: 1.5706086e+12 | AQ67: 1.4332034e+12 | AR67: 1.577918e+12 | AS67: 1.7361831e+12 | AT67: 1.8472814e+12 | AU67: 2.0445774e+12 | AV67: 2.3142518e+12 | AW67: 2.6834831e+12 | AX67: 3.1084693e+12 | AY67: 3.7438522e+12 | AZ67: 4.7332642e+12 | BA67: 5.9889214e+12 | BB67: 6.4933621e+12 | BC67: 7.9031124e+12 | BD67: 9.6539012e+12 | BE67: 10763685249440 | BF67: 1.1874647e+13 | BG67: 1.2805535e+13 | BH67: 1.3329364e+13 | BI67: 1.3621109e+13 | BJ67: 1.4888272e+13 | BK67: 1.6648931e+13 | BL67: 1.7222812e+13 | BM67: 1.7496305e+13 | BN67: 2.0849864e+13 | BO67: 2.1124945e+13 | BP67: 2.1162836e+13 | BQ67: =BP67 -> 2.1162836e+13 | BR67: =IF(ISERROR(INDEX(GDP!$A:$A, MATCH($A67, GDP!$A:$A, 0 ) )), "No", "Yes") -> No
A68: Early-demographic dividend | B68: EAR | C68: GDP (current US$) | D68: NY.GDP.MKTP.CD | E68: 1.5140852e+11 | F68: 1.6130248e+11 | G68: 1.6573864e+11 | H68: 1.7583242e+11 | I68: 2.0166928e+11 | J68: 2.187886e+11 | K68: 2.1671374e+11 | L68: 2.288062e+11 | M68: 2.4944028e+11 | N68: 2.7874028e+11 | O68: 2.9668783e+11 | P68: 3.1940667e+11 | Q68: 3.5248405e+11 | R68: 4.5108282e+11 | S68: 6.3242628e+11 | T68: 6.770789e+11 | U68: 7.3971511e+11 | V68: 8.2715241e+11 | W68: 9.4539894e+11 | X68: 1.1126507e+12 | Y68: 1.3831461e+12 | Z68: 1.5322768e+12 | AA68: 1.4611312e+12 | AB68: 1.4745655e+12 | AC68: 1.4955384e+12 | AD68: 1.4913786e+12 | AE68: 1.4989391e+12 | AF68: 1.5229996e+12 | AG68: 1.6074871e+12 | AH68: 1.6352143e+12 | AI68: 1.9165074e+12 | AJ68: 2.0329227e+12 | AK68: 2.2086424e+12 | AL68: 2.3825429e+12 | AM68: 2.5024779e+12 | AN68: 2.5519291e+12 | AO68: 2.7676034e+12 | AP68: 2.9559801e+12 | AQ68: 2.9212007e+12 | AR68: 3.0903473e+12 | AS68: 3.3775968e+12 | AT68: 3.3510413e+12 | AU68: 3.2550221e+12 | AV68: 3.6216726e+12 | AW68: 4.2083555e+12 | AX68: 4.8954411e+12 | AY68: 5.5976981e+12 | AZ68: 6.6266147e+12 | BA68: 7.4562451e+12 | BB68: 7.1736581e+12 | BC68: 8.7135115e+12 | BD68: 9.8227538e+12 | BE68: 10268569123152 | BF68: 1.0421356e+13 | BG68: 1.0776375e+13 | BH68: 1.0246602e+13 | BI68: 10547190614053 | BJ68: 1.1448642e+13 | BK68: 1.1610508e+13 | BL68: 1.183496e+13 | BM68: 1.1006437e+13 | BN68: 1.2811302e+13 | BO68: 1.4147624e+13 | BP68: 1.4945896e+13 | BQ68: =BP68 -> 1.4945896e+13 | BR68: =IF(ISERROR(INDEX(GDP!$A:$A, MATCH($A68, GDP!$A:$A, 0 ) )), "No", "Yes") -> No
A69: East Asia & Pacific | B69: EAS | C69: GDP (current US$) | D69: NY.GDP.MKTP.CD | E69: 1.571461e+11 | F69: 1.5840659e+11 | G69: 1.6213321e+11 | H69: 1.809534e+11 | I69: 2.0776312e+11 | J69: 2.3125528e+11 | K69: 2.5876086e+11 | L69: 2.8121604e+11 | M69: 3.1068949e+11 | N69: 3.5826236e+11 | O69: 4.1262398e+11 | P69: 4.5853854e+11 | Q69: 5.7010628e+11 | R69: 7.5149853e+11 | S69: 8.6703572e+11 | T69: 9.4887129e+11 | U69: 1.0437175e+12 | V69: 1.2437817e+12 | W69: 1.5712078e+12 | X69: 1.7063231e+12 | Y69: 1.845993e+12 | Z69: 2.0332864e+12 | AA69: 1.9915729e+12 | AB69: 2.1196912e+12 | AC69: 2.2674437e+12 | AD69: 2.391532e+12 | AE69: 3.125583e+12 | AF69: 3.6696569e+12 | AG69: 4.4109688e+12 | AH69: 4.5927298e+12 | AI69: 4.7934787e+12 | AJ69: 5.4154222e+12 | AK69: 5.9193909e+12 | AL69: 6.6215493e+12 | AM69: 7.4067733e+12 | AN69: 8.4105711e+12 | AO69: 8.1040526e+12 | AP69: 7.7464084e+12 | AQ69: 6.9332247e+12 | AR69: 7.7451134e+12 | AS69: 8.3779736e+12 | AT69: 7.7901704e+12 | AU69: 7.9134663e+12 | AV69: 8.7032138e+12 | AW69: 9.7597333e+12 | AX69: 10413111385434 | AY69: 1.1037062e+13 | AZ69: 1.2333826e+13 | BA69: 1.4223507e+13 | BB69: 1.4633925e+13 | BC69: 1.7080575e+13 | BD69: 1.9800048e+13 | BE69: 2.1177836e+13 | BF69: 21415690682394 | BG69: 2.2094711e+13 | BH69: 2.2000917e+13 | BI69: 22781793863032 | BJ69: 2.4334958e+13 | BK69: 2.6494505e+13 | BL69: 2.7040135e+13 | BM69: 2.7163485e+13 | BN69: 3.1155717e+13 | BO69: 3.0673443e+13 | BP69: 3.0780177e+13 | BQ69: =BP69 -> 3.0780177e+13 | BR69: =IF(ISERROR(INDEX(GDP!$A:$A, MATCH($A69, GDP!$A:$A, 0 ) )), "No", "Yes") -> No
A70: Europe & Central Asia (excluding high income) | B70: ECA | C70: GDP (current US$) | D70: NY.GDP.MKTP.CD | AF70: 2.378334e+11 | AG70: 2.6370858e+11 | AH70: 2.9941176e+11 | AI70: 3.5822368e+11 | AJ70: 3.4501944e+11 | AK70: 3.3222289e+11 | AL70: 3.4313148e+11 | AM70: 2.6876805e+11 | AN70: 3.0771249e+11 | AO70: 3.2648407e+11 | AP70: 3.4637304e+11 | AQ70: 4.2124345e+11 | AR70: 3.8414229e+11 | AS70: 3.9070474e+11 | AT70: 3.3507289e+11 | AU70: 3.8983914e+11 | AV70: 4.9710825e+11 | AW70: 6.3983152e+11 | AX70: 7.9669634e+11 | AY70: 9.2679802e+11 | AZ70: 1.1671985e+12 | BA70: 1.3970906e+12 | BB70: 1.1649343e+12 | BC70: 1.3793466e+12 | BD70: 1.568792e+12 | BE70: 1.6543007e+12 | BF70: 1.8043472e+12 | BG70: 1.7317663e+12 | BH70: 1.5092884e+12 | BI70: 1.4489281e+12 | BJ70: 1.4945239e+12 | BK70: 1.4681769e+12 | BL70: 1.4983141e+12 | BM70: 1.437142e+12 | BN70: 1.6703405e+12 | BO70: 1.8179785e+12 | BP70: 2.1297044e+12 | BQ70: =BP70 -> 2.1297044e+12 | BR70: =IF(ISERROR(INDEX(GDP!$A:$A, MATCH($A70, GDP!$A:$A, 0 ) )), "No", "Yes") -> No
A71: Europe & Central Asia | B71: ECS | C71: GDP (current US$) | D71: NY.GDP.MKTP.CD | E71: 4.264248e+11 | F71: 4.6911008e+11 | G71: 5.1303989e+11 | H71: 5.6104937e+11 | I71: 6.2003584e+11 | J71: 6.7611734e+11 | K71: 7.312402e+11 | L71: 7.7691052e+11 | M71: 8.1839269e+11 | N71: 9.0761534e+11 | O71: 1.0203525e+12 | P71: 1.1515069e+12 | Q71: 1.3811568e+12 | R71: 1.7575444e+12 | S71: 1.9861671e+12 | T71: 2.3188708e+12 | U71: 2.4114622e+12 | V71: 2.7283176e+12 | W71: 3.344223e+12 | X71: 4.077512e+12 | Y71: 4.6091647e+12 | Z71: 4.1056397e+12 | AA71: 3.9571371e+12 | AB71: 3.8378441e+12 | AC71: 3.689424e+12 | AD71: 3.8174694e+12 | AE71: 5.2074301e+12 | AF71: 6.4316001e+12 | AG71: 7.161657e+12 | AH71: 7.2575567e+12 | AI71: 8.8707245e+12 | AJ71: 9.140434e+12 | AK71: 9.7894278e+12 | AL71: 8.994844e+12 | AM71: 9.4084704e+12 | AN71: 1.0871039e+13 | AO71: 1.1095957e+13 | AP71: 1.0524197e+13 | AQ71: 1.0795113e+13 | AR71: 1.0686911e+13 | AS71: 1.0077566e+13 | AT71: 1.0181971e+13 | AU71: 1.1150952e+13 | AV71: 1.3559253e+13 | AW71: 1.5805048e+13 | AX71: 1.6824449e+13 | AY71: 1.8222776e+13 | AZ71: 2.1289537e+13 | BA71: 2.343297e+13 | BB71: 2.0628513e+13 | BC71: 2.1103186e+13 | BD71: 2.3416508e+13 | BE71: 2.2545178e+13 | BF71: 2.3559066e+13 | BG71: 23897449147365 | BH71: 2.0583236e+13 | BI71: 2.0511321e+13 | BJ71: 2.1765865e+13 | BK71: 2.3306311e+13 | BL71: 2.3031893e+13 | BM71: 2.2286624e+13 | BN71: 2.5523993e+13 | BO71: 2.5662573e+13 | BP71: 2.755407e+13 | BQ71: =BP71 -> 2.755407e+13 | BR71: =IF(ISERROR(INDEX(GDP!$A:$A, MATCH($A71, GDP!$A:$A, 0 ) )), "No", "Yes") -> No
A72: Ecuador | B72: ECU | C72: GDP (current US$) | D72: NY.GDP.MKTP.CD | E72: 2.0694649e+09 | F72: 1.753851e+09 | G72: 1.5182077e+09 | H72: 1.8243439e+09 | I72: 2.2441461e+09 | J72: 2.3870474e+09 | K72: 2.4293086e+09 | L72: 2.5535952e+09 | M72: 2.5821799e+09 | N72: 3.1121657e+09 | O72: 2.8625031e+09 | P72: 2.7542193e+09 | Q72: 3.1859861e+09 | R72: 3.8917542e+09 | S72: 6.599257e+09 | T72: 7.7316745e+09 | U72: 9.091921e+09 | V72: 1.1026343e+10 | W72: 1.1922498e+10 | X72: 1.4175161e+10 | Y72: 1.7881508e+10 | Z72: 2.1810759e+10 | AA72: 1.9929846e+10 | AB72: 1.7152477e+10 | AC72: 1.6912509e+10 | AD72: 1.7149088e+10 | AE72: 1.5314138e+10 | AF72: 1.3945427e+10 | AG72: 1.3051882e+10 | AH72: 1.3890824e+10 | AI72: 1.5239273e+10 | AJ72: 1.6988535e+10 | AK72: 1.8094238e+10 | AL72: 1.8938717e+10 | AM72: 2.2708673e+10 | AN72: 2.4432884e+10 | AO72: 2.5226393e+10 | AP72: 2.8162053e+10 | AQ72: 2.7981897e+10 | AR72: 1.9645273e+10 | AS72: 1.7539455e+10 | AT72: 23127055000 | AU72: 27054197000 | AV72: 30965208000 | AW72: 35194947000 | AX72: 40278849000 | AY72: 45690762000 | AZ72: 49848725000 | BA72: 61139438000 | BB72: 60094978000 | BC72: 68151329000 | BD72: 78986648000 | BE72: 87735048000 | BF72: 96570334000 | BG72: 102717794000 | BH72: 97209558000 | BI72: 97671433000 | BJ72: 104467486000 | BK72: 107478962000 | BL72: 107595829000 | BM72: 95865472000 | BN72: 107435101000 | BO72: 116586079000 | BP72: 118844826000 | BQ72: =BP72 -> 118844826000 | BR72: =IF(ISERROR(INDEX(GDP!$A:$A, MATCH($A72, GDP!$A:$A, 0 ) )), "No", "Yes") -> No
A73: Egypt, Arab Rep. | B73: EGY | C73: GDP (current US$) | D73: NY.GDP.MKTP.CD | E73: 4.2062702e+09 | F73: 4.4945754e+09 | G73: 4.0354619e+09 | H73: 4.1871461e+09 | I73: 4.7092456e+09 | J73: 4.9486675e+09 | K73: 5.2780056e+09 | L73: 5.6054843e+09 | M73: 5.932243e+09 | N73: 6.5244552e+09 | O73: 8.0422005e+09 | P73: 8.6092833e+09 | Q73: 9.2996381e+09 | R73: 1.0098535e+10 | S73: 9.2289632e+09 | T73: 1.1632179e+10 | U73: 1.3315988e+10 | V73: 1.4400807e+10 | W73: 1.4811704e+10 | X73: 1.8020571e+10 | Y73: 2.1669908e+10 | Z73: 2.2136081e+10 | AA73: 2.7655172e+10 | AB73: 3.096624e+10 | AC73: 3.3971189e+10 | AD73: 3.9053502e+10 | AE73: 4.1253508e+10 | AF73: 4.0455617e+10 | AG73: 3.4980125e+10 | AH73: 3.9756299e+10 | AI73: 4.2978914e+10 | AJ73: 3.7387836e+10 | AK73: 4.1855987e+10 | AL73: 4.6578631e+10 | AM73: 5.1897983e+10 | AN73: 6.0159245e+10 | AO73: 6.7629717e+10 | AP73: 7.8436578e+10 | AQ73: 8.4828808e+10 | AR73: 9.0710705e+10 | AS73: 9.9838544e+10 | AT73: 9.6684636e+10 | AU73: 8.5146067e+10 | AV73: 8.0288462e+10 | AW73: 7.8782468e+10 | AX73: 8.9600666e+10 | AY73: 1.0742609e+11 | AZ73: 1.3043783e+11 | BA73: 1.6281818e+11 | BB73: 1.8914701e+11 | BC73: 2.1898367e+11 | BD73: 2.3598967e+11 | BE73: 2.7911667e+11 | BF73: 2.8843411e+11 | BG73: 3.0559541e+11 | BH73: 3.2936658e+11 | BI73: 3.3244172e+11 | BJ73: 2.4836277e+11 | BK73: 2.6258863e+11 | BL73: 3.1867882e+11 | BM73: 3.8381784e+11 | BN73: 4.2467177e+11 | BO73: 4.7674772e+11 | BP73: 3.960025e+11 | BQ73: =BP73 -> 3.960025e+11 | BR73: =IF(ISERROR(INDEX(GDP!$A:$A, MATCH($A73, GDP!$A:$A, 0 ) )), "No", "Yes") -> No
A74: Euro area | B74: EMU | C74: GDP (current US$) | D74: NY.GDP.MKTP.CD | E74: 2.5141325e+11 | F74: 2.797222e+11 | G74: 3.0938257e+11 | H74: 3.4051261e+11 | I74: 3.7724961e+11 | J74: 4.1236426e+11 | K74: 4.461344e+11 | L74: 4.7408698e+11 | M74: 5.0970225e+11 | N74: 5.6943185e+11 | O74: 6.451101e+11 | P74: 7.3119596e+11 | Q74: 8.8350823e+11 | R74: 1.1473076e+12 | S74: 1.3010082e+12 | T74: 1.5072189e+12 | U74: 1.5733283e+12 | V74: 1.7904608e+12 | W74: 2.1918777e+12 | X74: 2.6554122e+12 | Y74: 2.9736949e+12 | Z74: 2.5837638e+12 | AA74: 2.5009761e+12 | AB74: 2.4400962e+12 | AC74: 2.3411081e+12 | AD74: 2.4049868e+12 | AE74: 3.3772959e+12 | AF74: 4.1775298e+12 | AG74: 4.5949036e+12 | AH74: 4.6931074e+12 | AI74: 5.9056153e+12 | AJ74: 6.1277073e+12 | AK74: 6.7505062e+12 | AL74: 6.180487e+12 | AM74: 6.5311586e+12 | AN74: 7.5400437e+12 | AO74: 7.629501e+12 | AP74: 6.9776705e+12 | AQ74: 7.1743576e+12 | AR74: 7.1488603e+12 | AS74: 6.5286288e+12 | AT74: 6.6318994e+12 | AU74: 7.2418628e+12 | AV74: 8.9212281e+12 | AW74: 1.0231007e+13 | AX74: 1.0611825e+13 | AY74: 1.1288307e+13 | AZ74: 13000319190760 | BA74: 14296312713424 | BB74: 1.3084338e+13 | BC74: 1.2786065e+13 | BD74: 1.3810192e+13 | BE74: 1.2786714e+13 | BF74: 1.3358729e+13 | BG74: 1.3683291e+13 | BH74: 1.18286e+13 | BI74: 1.2124586e+13 | BJ74: 1.2839882e+13 | BK74: 1.3867949e+13 | BL74: 1.358702e+13 | BM74: 13266857904728 | BN74: 1.4917737e+13 | BO74: 14452048668851 | BP74: 1.5780687e+13 | BQ74: =BP74 -> 1.5780687e+13 | BR74: =IF(ISERROR(INDEX(GDP!$A:$A, MATCH($A74, GDP!$A:$A, 0 ) )), "No", "Yes") -> No
A75: Eritrea | B75: ERI | C75: GDP (current US$) | D75: NY.GDP.MKTP.CD | AK75: 4.7710165e+08 | AL75: 4.6787271e+08 | AM75: 5.3168831e+08 | AN75: 578015625 | AO75: 6.9353595e+08 | AP75: 6.8649009e+08 | AQ75: 7.4552312e+08 | AR75: 6.8891854e+08 | AS75: 7.0637082e+08 | AT75: 7.5237169e+08 | AU75: 7.2932168e+08 | AV75: 8.7024827e+08 | AW75: 1.109054e+09 | AX75: 1.0984247e+09 | AY75: 1.2111619e+09 | AZ75: 1.3179745e+09 | BA75: 1380188800 | BB75: 1.8566956e+09 | BC75: 1.5895154e+09 | BD75: 2.0650016e+09 | BQ75: =BP75 -> 0 | BR75: =IF(ISERROR(INDEX(GDP!$A:$A, MATCH($A75, GDP!$A:$A, 0 ) )), "No", "Yes") -> No
A76: Spain | B76: ESP | C76: GDP (current US$) | D76: NY.GDP.MKTP.CD | E76: 1.2424514e+10 | F76: 1.4238127e+10 | G76: 1.6609633e+10 | H76: 1.9631715e+10 | I76: 2.1966876e+10 | J76: 2.547962e+10 | K76: 2.9559436e+10 | L76: 3.2570905e+10 | M76: 3.2394326e+10 | N76: 3.7090689e+10 | O76: 4.0963715e+10 | P76: 4.658612e+10 | Q76: 5.9090176e+10 | R76: 7.8583355e+10 | S76: 9.7204523e+10 | T76: 1.1469506e+11 | U76: 1.1842253e+11 | V76: 1.3235467e+11 | W76: 1.6048497e+11 | X76: 2.1444867e+11 | Y76: 2.3260056e+11 | Z76: 2.0266302e+11 | AA76: 1.9585675e+11 | AB76: 1.7082907e+11 | AC76: 1.7197998e+11 | AD76: 1.8066432e+11 | AE76: 2.5114156e+11 | AF76: 3.1852025e+11 | AG76: 3.7589172e+11 | AH76: 4.1446079e+11 | AI76: 5.3617533e+11 | AJ76: 5.767539e+11 | AK76: 6.3046535e+11 | AL76: 5.2470057e+11 | AM76: 5.3018365e+11 | AN76: 6.1417e+11 | AO76: 6.4225141e+11 | AP76: 5.8973977e+11 | AQ76: 6.1873148e+11 | AR76: 6.343949e+11 | AS76: 5.9810285e+11 | AT76: 6.2779868e+11 | AU76: 7.0893823e+11 | AV76: 9.0796322e+11 | AW76: 1.0698294e+12 | AX76: 1.1546676e+12 | AY76: 1.2618467e+12 | AZ76: 1.4767463e+12 | BA76: 1.6361154e+12 | BB76: 1.4965876e+12 | BC76: 1.4279891e+12 | BD76: 1.4875687e+12 | BE76: 1.3309948e+12 | BF76: 1.3621869e+12 | BG76: 1.3802446e+12 | BH76: 1.2061648e+12 | BI76: 1.2430157e+12 | BJ76: 1.3217541e+12 | BK76: 1.4316428e+12 | BL76: 1.4034964e+12 | BM76: 1.2897838e+12 | BN76: 1.4612449e+12 | BO76: 1.4464981e+12 | BP76: 1.6200907e+12 | BQ76: =BP76 -> 1.6200907e+12 | BR76: =IF(ISERROR(INDEX(GDP!$A:$A, MATCH($A76, GDP!$A:$A, 0 ) )), "No", "Yes") -> No
A77: Estonia | B77: EST | C77: GDP (current US$) | D77: NY.GDP.MKTP.CD | AL77: 4.0130917e+09 | AM77: 4.1230114e+09 | AN77: 4.5029709e+09 | AO77: 4.786019e+09 | AP77: 5.1544206e+09 | AQ77: 5.6740805e+09 | AR77: 5.7569123e+09 | AS77: 5.6865797e+09 | AT77: 6.2502184e+09 | AU77: 7.3701196e+09 | AV77: 9.8765955e+09 | AW77: 1.2148595e+10 | AX77: 1.4109491e+10 | AY77: 1.7025672e+10 | AZ77: 2.2450264e+10 | BA77: 2.4342935e+10 | BB77: 1.9633984e+10 | BC77: 1.9524355e+10 | BD77: 2.3303916e+10 | BE77: 2.3237406e+10 | BF77: 2.5451033e+10 | BG77: 2.7055689e+10 | BH77: 2.3311848e+10 | BI77: 2.4561028e+10 | BJ77: 2.7469462e+10 | BK77: 3.1222633e+10 | BL77: 3.1873749e+10 | BM77: 3.1820771e+10 | BN77: 3.7204563e+10 | BO77: 3.8376046e+10 | BP77: 4.1291245e+10 | BQ77: =BP77 -> 4.1291245e+10 | BR77: =IF(ISERROR(INDEX(GDP!$A:$A, MATCH($A77, GDP!$A:$A, 0 ) )), "No", "Yes") -> No
A78: Ethiopia | B78: ETH | C78: GDP (current US$) | D78: NY.GDP.MKTP.CD | E78: 1.6105117e+09 | F78: 1.6808595e+09 | G78: 1.7475663e+09 | H78: 1.8250588e+09 | I78: 1.9841292e+09 | J78: 2.1599986e+09 | K78: 2324466416 | L78: 2.461762e+09 | M78: 2.6199489e+09 | N78: 2768987372 | O78: 3.0453545e+09 | P78: 3.2242808e+09 | Q78: 3.5202529e+09 | R78: 4.0705705e+09 | S78: 4.57721e+09 | T78: 4.5770479e+09 | U78: 4.9438061e+09 | V78: 5.6518406e+09 | W78: 6.0149614e+09 | X78: 6.5860484e+09 | Y78: 7.0125855e+09 | Z78: 7.5076636e+09 | AA78: 7.8999888e+09 | AB78: 8.7816644e+09 | AC78: 8.2983096e+09 | AD78: 9.7173927e+09 | AE78: 1.0094329e+10 | AF78: 1.0790002e+10 | AG78: 1.118112e+10 | AH78: 1.1762932e+10 | AI78: 1.2478944e+10 | AJ78: 1.3799799e+10 | AK78: 1.0754799e+10 | AL78: 9.0510439e+09 | AM78: 7.1008068e+09 | AN78: 7.8552052e+09 | AO78: 8.7612155e+09 | AP78: 8.80354e+09 | AQ78: 8.0132741e+09 | AR78: 7.8929735e+09 | AS78: 8.2423496e+09 | AT78: 8.231326e+09 | AU78: 7.8508095e+09 | AV78: 8.6236913e+09 | AW78: 1.0131187e+10 | AX78: 1.2401139e+10 | AY78: 1.5280862e+10 | AZ78: 1.9707617e+10 | BA78: 2.7066913e+10 | BB78: 3.2437389e+10 | BC78: 2.993379e+10 | BD78: 3.1952763e+10 | BE78: 4.3310721e+10 | BF78: 4.7648277e+10 | BG78: 5.5612228e+10 | BH78: 6.4589329e+10 | BI78: 7.4296745e+10 | BJ78: 8.1770887e+10 | BK78: 8.4269197e+10 | BL78: 9.5912608e+10 | BM78: 1.0765773e+11 | BN78: 1.1126188e+11 | BO78: 1.267727e+11 | BP78: 1.6369793e+11 | BQ78: =BP78 -> 1.6369793e+11 | BR78: =IF(ISERROR(INDEX(GDP!$A:$A, MATCH($A78, GDP!$A:$A, 0 ) )), "No", "Yes") -> Yes
A79: European Union | B79: EUU | C79: GDP (current US$) | D79: NY.GDP.MKTP.CD | E79: 2.8493212e+11 | F79: 3.1657987e+11 | G79: 3.4990966e+11 | H79: 3.8445323e+11 | I79: 4.264015e+11 | J79: 4.6657526e+11 | K79: 5.0511917e+11 | L79: 5.3781954e+11 | M79: 5.7722609e+11 | N79: 6.4416028e+11 | O79: 7.2851494e+11 | P79: 8.2350201e+11 | Q79: 9.9366164e+11 | R79: 1.2861209e+12 | S79: 1.4559116e+12 | T79: 1.694088e+12 | U79: 1.7751347e+12 | V79: 2.0113231e+12 | W79: 2.4491739e+12 | X79: 2.9600222e+12 | Y79: 3.3113237e+12 | Z79: 2.8899737e+12 | AA79: 2.7877896e+12 | AB79: 2.7107918e+12 | AC79: 2.612588e+12 | AD79: 2.6866608e+12 | AE79: 3.7531866e+12 | AF79: 4.6395271e+12 | AG79: 5.0939894e+12 | AH79: 5.2027875e+12 | AI79: 6.5055859e+12 | AJ79: 6.7308434e+12 | AK79: 7.3909237e+12 | AL79: 6.7506788e+12 | AM79: 7.1577581e+12 | AN79: 8.2982032e+12 | AO79: 8.4334425e+12 | AP79: 7.7357858e+12 | AQ79: 7.9700277e+12 | AR79: 7.9360133e+12 | AS79: 7.2884251e+12 | AT79: 7.4075673e+12 | AU79: 8.1004042e+12 | AV79: 9.9569569e+12 | AW79: 1.1449209e+13 | AX79: 1.1954464e+13 | AY79: 1.2768477e+13 | AZ79: 1.4789547e+13 | BA79: 1.6365149e+13 | BB79: 1.4846338e+13 | BC79: 1.4643444e+13 | BD79: 1.587663e+13 | BE79: 1.473398e+13 | BF79: 1.5400027e+13 | BG79: 1.5764813e+13 | BH79: 1.365509e+13 | BI79: 1.3990271e+13 | BJ79: 1.4870066e+13 | BK79: 1.6091488e+13 | BL79: 15808398315797 | BM79: 15504700009593 | BN79: 1.7496551e+13 | BO79: 1.6995332e+13 | BP79: 1.859072e+13 | BQ79: =BP79 -> 1.859072e+13 | BR79: =IF(ISERROR(INDEX(GDP!$A:$A, MATCH($A79, GDP!$A:$A, 0 ) )), "No", "Yes") -> No
A80: Fragile and conflict affected situations | B80: FCS | C80: GDP (current US$) | D80: NY.GDP.MKTP.CD | E80: 3.4157916e+10 | F80: 3.5668456e+10 | G80: 3.9417209e+10 | H80: 4.5049611e+10 | I80: 4.0767511e+10 | J80: 4.4789143e+10 | K80: 4.7787351e+10 | L80: 4.7130738e+10 | M80: 5.2073362e+10 | N80: 5.8442569e+10 | O80: 6.9598976e+10 | P80: 7.1676944e+10 | Q80: 8.2981206e+10 | R80: 1.026376e+11 | S80: 1.545005e+11 | T80: 1.694588e+11 | U80: 2.0126754e+11 | V80: 2.2220804e+11 | W80: 2.4368586e+11 | X80: 3.0715474e+11 | Y80: 3.8843547e+11 | Z80: 5.1140552e+11 | AA80: 4.8817393e+11 | AB80: 4.2154888e+11 | AC80: 3.792577e+11 | AD80: 3.8560912e+11 | AE80: 3.5538644e+11 | AF80: 3.5726708e+11 | AG80: 3.8786956e+11 | AH80: 3.8375628e+11 | AI80: 5.4742052e+11 | AJ80: 3.8638604e+11 | AK80: 3.4454982e+11 | AL80: 3.5115346e+11 | AM80: 3.5323996e+11 | AN80: 4.3176224e+11 | AO80: 4.6644094e+11 | AP80: 5.2232683e+11 | AQ80: 5.3610018e+11 | AR80: 4.0017106e+11 | AS80: 4.6803591e+11 | AT80: 4.5801742e+11 | AU80: 4.4692849e+11 | AV80: 4.7061817e+11 | AW80: 5.9696516e+11 | AX80: 7.5516114e+11 | AY80: 9.4595588e+11 | AZ80: 1.159334e+12 | BA80: 1.4819465e+12 | BB80: 1.3427286e+12 | BC80: 1.5939822e+12 | BD80: 1.6643223e+12 | BE80: 1.8621367e+12 | BF80: 1.934772e+12 | BG80: 2.0529806e+12 | BH80: 1.6163259e+12 | BI80: 1.4896941e+12 | BJ80: 1.5888372e+12 | BK80: 1.7346898e+12 | BL80: 1.8426321e+12 | BM80: 1.6754069e+12 | BN80: 1.786327e+12 | BO80: 1.9648416e+12 | BP80: 1.9379371e+12 | BQ80: =BP80 -> 1.9379371e+12 | BR80: =IF(ISERROR(INDEX(GDP!$A:$A, MATCH($A80, GDP!$A:$A, 0 ) )), "No", "Yes") -> No
A81: Finland | B81: FIN | C81: GDP (current US$) | D81: NY.GDP.MKTP.CD | E81: 5.2794818e+09 | F81: 5.9844338e+09 | G81: 6.407796e+09 | H81: 6.9589165e+09 | I81: 7.8489878e+09 | J81: 8.6803938e+09 | K81: 9.3061422e+09 | L81: 9.4682724e+09 | M81: 8.916565e+09 | N81: 1.0177525e+10 | O81: 1.1358529e+10 | P81: 1.2528522e+10 | Q81: 1.47445e+10 | R81: 1.9474098e+10 | S81: 2.4851037e+10 | T81: 2.9475251e+10 | U81: 3.1852353e+10 | V81: 3.3502784e+10 | W81: 3.6259392e+10 | X81: 4.4469218e+10 | Y81: 5.3649984e+10 | Z81: 5.2440066e+10 | AA81: 5.2784014e+10 | AB81: 5.0956447e+10 | AC81: 5.2870993e+10 | AD81: 5.5856677e+10 | AE81: 7.3511612e+10 | AF81: 9.1564994e+10 | AG81: 1.0903909e+11 | AH81: 1.1899127e+11 | AI81: 1.4144612e+11 | AJ81: 1.2779444e+11 | AK81: 1.1253783e+11 | AL81: 8.9112106e+10 | AM81: 1.031827e+11 | AN81: 1.3406046e+11 | AO81: 1.3199198e+11 | AP81: 1.268629e+11 | AQ81: 1.3399088e+11 | AR81: 1.3523424e+11 | AS81: 1.2596782e+11 | AT81: 1.2951967e+11 | AU81: 1.4036096e+11 | AV81: 1.7161287e+11 | AW81: 1.974583e+11 | AX81: 2.0485937e+11 | AY81: 2.1704407e+11 | AZ81: 2.5636025e+11 | BA81: 2.8569866e+11 | BB81: 2.5348078e+11 | BC81: 2.4942961e+11 | BD81: 2.7512692e+11 | BE81: 2.5744338e+11 | BF81: 2.7026804e+11 | BG81: 2.7347853e+11 | BH81: 2.3321073e+11 | BI81: 2.3877782e+11 | BJ81: 253846138440 | BK81: 2.7386926e+11 | BL81: 2.6701482e+11 | BM81: 2.7000031e+11 | BN81: 2.9422321e+11 | BO81: 2.8024152e+11 | BP81: 2.9553234e+11 | BQ81: =BP81 -> 2.9553234e+11 | BR81: =IF(ISERROR(INDEX(GDP!$A:$A, MATCH($A81, GDP!$A:$A, 0 ) )), "No", "Yes") -> No
A82: Fiji | B82: FJI | C82: GDP (current US$) | D82: NY.GDP.MKTP.CD | E82: 1.1232842e+08 | F82: 1.1698778e+08 | G82: 1.2290643e+08 | H82: 1.2945473e+08 | I82: 1.4003274e+08 | J82: 1.4708475e+08 | K82: 1.5060393e+08 | L82: 1.6262589e+08 | M82: 1.6695294e+08 | N82: 1.8218207e+08 | O82: 2.1987848e+08 | P82: 2.4774933e+08 | Q82: 3.1665665e+08 | R82: 4.2595049e+08 | S82: 5.585871e+08 | T82: 6.8428243e+08 | U82: 6.9454081e+08 | V82: 7.1950177e+08 | W82: 8.2926789e+08 | X82: 1.0196915e+09 | Y82: 1.2026188e+09 | Z82: 1.2356268e+09 | AA82: 1.1940599e+09 | AB82: 1.1230852e+09 | AC82: 1.1780007e+09 | AD82: 1.1411689e+09 | AE82: 1.2902673e+09 | AF82: 1.177948e+09 | AG82: 1.1100095e+09 | AH82: 1.1826603e+09 | AI82: 1.3370176e+09 | AJ82: 1.3838832e+09 | AK82: 1.532411e+09 | AL82: 1.6361012e+09 | AM82: 1.8257321e+09 | AN82: 1.9703015e+09 | AO82: 2.1286966e+09 | AP82: 2.0902211e+09 | AQ82: 1.6531467e+09 | AR82: 1.93646e+09 | AS82: 1.6782195e+09 | AT82: 1.652462e+09 | AU82: 1.83328e+09 | AV82: 2.3004925e+09 | AW82: 2.7080785e+09 | AX82: 2.9804038e+09 | AY82: 3.0763055e+09 | AZ82: 3.3783146e+09 | BA82: 3.5231859e+09 | BB82: 2.8706246e+09 | BC82: 3.1401667e+09 | BD82: 3.7794119e+09 | BE82: 3.9720281e+09 | BF82: 4.189968e+09 | BG82: 4.8571048e+09 | BH82: 4.6824799e+09 | BI82: 4.9302136e+09 | BJ82: 5.3534692e+09 | BK82: 5.5814253e+09 | BL82: 5.4444072e+09 | BM82: 4.4324662e+09 | BN82: 4.3050316e+09 | BO82: 4.9695036e+09 | BP82: 5.4420466e+09 | BQ82: =BP82 -> 5.4420466e+09 | BR82: =IF(ISERROR(INDEX(GDP!$A:$A, MATCH($A82, GDP!$A:$A, 0 ) )), "No", "Yes") -> No
A83: France | B83: FRA | C83: GDP (current US$) | D83: NY.GDP.MKTP.CD | E83: 6.1756879e+10 | F83: 6.6806596e+10 | G83: 7.4888595e+10 | H83: 8.3957182e+10 | I83: 9.3079224e+10 | J83: 1.0052256e+11 | K83: 1.0892836e+11 | L83: 1.177514e+11 | M83: 1.284275e+11 | N83: 1.403618e+11 | O83: 1.46927e+11 | P83: 1.6423887e+11 | Q83: 2.0162175e+11 | R83: 2.6234383e+11 | S83: 2.8310218e+11 | T83: 3.5678073e+11 | U83: 3.6848829e+11 | V83: 4.0673645e+11 | W83: 5.0172442e+11 | X83: 6.0821862e+11 | Y83: 6.9452918e+11 | Z83: 6.0918479e+11 | AA83: 5.7815231e+11 | AB83: 5.5335631e+11 | AC83: 5.2503333e+11 | AD83: 5.4722098e+11 | AE83: 7.6494659e+11 | AF83: 9.2632086e+11 | AG83: 1.0108277e+12 | AH83: 1.0167422e+12 | AI83: 1.2576494e+12 | AJ83: 1.2589617e+12 | AK83: 1.3896631e+12 | AL83: 1.3143834e+12 | AM83: 1.3858228e+12 | AN83: 1.5952193e+12 | AO83: 1.5988892e+12 | AP83: 1.4493922e+12 | AQ83: 1.4969064e+12 | AR83: 1.4869159e+12 | AS83: 1.3609591e+12 | AT83: 1.3703767e+12 | AU83: 1.4924278e+12 | AV83: 1.835096e+12 | AW83: 2.1097923e+12 | AX83: 2.1921464e+12 | AY83: 2.3178615e+12 | AZ83: 2.6558169e+12 | BA83: 2.9268029e+12 | BB83: 2.7000759e+12 | BC83: 2.64623e+12 | BD83: 2.8704086e+12 | BE83: 2.6830071e+12 | BF83: 2.8160776e+12 | BG83: 2.8612361e+12 | BH83: 2.4424835e+12 | BI83: 2.4704076e+12 | BJ83: 2.5888683e+12 | BK83: 2.7815763e+12 | BL83: 2.7227935e+12 | BM83: 2.6479261e+12 | BN83: 2.9664337e+12 | BO83: 2.7963022e+12 | BP83: 3.0518316e+12 | BQ83: =BP83 -> 3.0518316e+12 | BR83: =IF(ISERROR(INDEX(GDP!$A:$A, MATCH($A83, GDP!$A:$A, 0 ) )), "No", "Yes") -> No
A84: Faroe Islands | B84: FRO | C84: GDP (current US$) | D84: NY.GDP.MKTP.CD | J84: 57954522 | K84: 64397131 | L84: 66225404 | M84: 65186667 | N84: 70106667 | O84: 84933333 | P84: 99219083 | Q84: 1.193359e+08 | R84: 1.6123647e+08 | S84: 1.9677107e+08 | T84: 2.2740444e+08 | U84: 2.7047035e+08 | V84: 3.477983e+08 | W84: 3.9783303e+08 | X84: 4.4856849e+08 | Y84: 4.930143e+08 | Z84: 4.5624492e+08 | AA84: 4.440475e+08 | AB84: 4.8660513e+08 | AC84: 4.2600886e+08 | AD84: 4.5930728e+08 | AE84: 6.8891429e+08 | AF84: 8.8650862e+08 | AG84: 9.6857696e+08 | AH84: 8.7193535e+08 | AI84: 9.6080541e+08 | AJ84: 9.0925321e+08 | AK84: 9.1267041e+08 | AL84: 7.6095719e+08 | AM84: 7.5873918e+08 | AN84: 9.0140471e+08 | AO84: 9.8953691e+08 | AP84: 9.3376308e+08 | AQ84: 1.1047442e+09 | AR84: 1.1276848e+09 | AS84: 1.0671095e+09 | AT84: 1.1602682e+09 | AU84: 1.2750937e+09 | AV84: 1.5019416e+09 | AW84: 1.7247708e+09 | AX84: 1.7597396e+09 | AY84: 2.0176808e+09 | AZ84: 2.3390153e+09 | BA84: 2.4898732e+09 | BB84: 2.2960652e+09 | BC84: 2.3317968e+09 | BD84: 2.5057407e+09 | BE84: 2.4272004e+09 | BF84: 2.6901105e+09 | BG84: 2.9140127e+09 | BH84: 2.573906e+09 | BI84: 2.8132789e+09 | BJ84: 2.9800574e+09 | BK84: 3.1886009e+09 | BL84: 3.2664327e+09 | BM84: 3.2718133e+09 | BN84: 3.6646868e+09 | BO84: 3.5666984e+09 | BP84: 3.907324e+09 | BQ84: =BP84 -> 3.907324e+09 | BR84: =IF(ISERROR(INDEX(GDP!$A:$A, MATCH($A84, GDP!$A:$A, 0 ) )), "No", "Yes") -> No
A85: Micronesia, Fed. Sts. | B85: FSM | C85: GDP (current US$) | D85: NY.GDP.MKTP.CD | O85: 19885926 | P85: 21783158 | Q85: 25100928 | R85: 34821467 | S85: 46095175 | T85: 46119184 | U85: 46813193 | V85: 47305560 | W85: 53656834 | X85: 60270778 | Y85: 64186644 | Z85: 76472529 | AA85: 80055706 | AB85: 84110353 | AC85: 84676118 | AD85: 101931941 | AE85: 112210000 | AF85: 116700000 | AG85: 124700000 | AH85: 135200000 | AI85: 147200000 | AJ85: 166200000 | AK85: 178100000 | AL85: 198400000 | AM85: 202500000 | AN85: 221575300 | AO85: 218534700 | AP85: 206626300 | AQ85: 218873100 | AR85: 220140500 | AS85: 233271800 | AT85: 240970900 | AU85: 242517200 | AV85: 245432900 | AW85: 240236000 | AX85: 250281900 | AY85: 253541900 | AZ85: 256787200 | BA85: 263145100 | BB85: 280284600 | BC85: 296944100 | BD85: 311301600 | BE85: 327248700 | BF85: 317214400 | BG85: 319271200 | BH85: 316489900 | BI85: 325000000 | BJ85: 359000000 | BK85: 392000000 | BL85: 394000000 | BM85: 372000000 | BN85: 390000000 | BO85: 430000000 | BP85: 460000000 | BQ85: =BP85 -> 460000000 | BR85: =IF(ISERROR(INDEX(GDP!$A:$A, MATCH($A85, GDP!$A:$A, 0 ) )), "No", "Yes") -> No
A86: Gabon | B86: GAB | C86: GDP (current US$) | D86: NY.GDP.MKTP.CD | E86: 1.4146898e+08 | F86: 1.6763791e+08 | G86: 1.8279654e+08 | H86: 1.5448024e+08 | I86: 2.1567986e+08 | J86: 2.2647429e+08 | K86: 2.4584978e+08 | L86: 2.7154368e+08 | M86: 2.9446856e+08 | N86: 3.181247e+08 | O86: 3.2380248e+08 | P86: 3.8168707e+08 | Q86: 4.3050836e+08 | R86: 7.227807e+08 | S86: 1.544216e+09 | T86: 2.1575929e+09 | U86: 3.00941e+09 | V86: 2.8093491e+09 | W86: 2.3894793e+09 | X86: 3.0302511e+09 | Y86: 4.2796379e+09 | Z86: 3.8622691e+09 | AA86: 3.6180078e+09 | AB86: 3.3912757e+09 | AC86: 3.5614516e+09 | AD86: 3.3399148e+09 | AE86: 3.4036382e+09 | AF86: 3.281797e+09 | AG86: 3.8345034e+09 | AH86: 4.1864115e+09 | AI86: 5.9522938e+09 | AJ86: 5.4029198e+09 | AK86: 5.5923908e+09 | AL86: 4.3786451e+09 | AM86: 4.1908193e+09 | AN86: 4.9588456e+09 | AO86: 5.69404e+09 | AP86: 5.3268171e+09 | AQ86: 4.4834173e+09 | AR86: 4.662992e+09 | AS86: 5.0804836e+09 | AT86: 5.0232654e+09 | AU86: 5.3354511e+09 | AV86: 6.5119034e+09 | AW86: 7.770219e+09 | AX86: 9.582784e+09 | AY86: 1.0327598e+10 | AZ86: 1.245541e+10 | BA86: 1.5571348e+10 | BB86: 1.2113699e+10 | BC86: 1.4372593e+10 | BD86: 1.8210308e+10 | BE86: 1.7170464e+10 | BF86: 1.7595745e+10 | BG86: 1.8203967e+10 | BH86: 1.4383108e+10 | BI86: 1.402389e+10 | BJ86: 1.4929487e+10 | BK86: 1.6867326e+10 | BL86: 1.6874405e+10 | BM86: 1.5342236e+10 | BN86: 1.9444935e+10 | BO86: 2.0440656e+10 | BP86: 1.9388403e+10 | BQ86: =BP86 -> 1.9388403e+10 | BR86: =IF(ISERROR(INDEX(GDP!$A:$A, MATCH($A86, GDP!$A:$A, 0 ) )), "No", "Yes") -> No
A87: United Kingdom | B87: GBR | C87: GDP (current US$) | D87: NY.GDP.MKTP.CD | E87: 7.3233968e+10 | F87: 7.7741966e+10 | G87: 8.1247564e+10 | H87: 8.6561962e+10 | I87: 9.4407558e+10 | J87: 1.0182476e+11 | K87: 1.0857275e+11 | L87: 1.1311689e+11 | M87: 1.0775991e+11 | N87: 1.164647e+11 | O87: 1.3067195e+11 | P87: 1.481139e+11 | Q87: 1.6996503e+11 | R87: 1.9253797e+11 | S87: 2.0613137e+11 | T87: 2.4175664e+11 | U87: 2.3261456e+11 | V87: 2.6306646e+11 | W87: 3.3588303e+11 | X87: 4.3899407e+11 | Y87: 5.6494771e+11 | Z87: 5.4076568e+11 | AA87: 5.1504892e+11 | AB87: 4.8961801e+11 | AC87: 4.614871e+11 | AD87: 4.8928516e+11 | AE87: 6.0145265e+11 | AF87: 7.4516261e+11 | AG87: 9.1012273e+11 | AH87: 9.2688482e+11 | AI87: 1.0931694e+12 | AJ87: 1.1427972e+12 | AK87: 1.1796595e+12 | AL87: 1.0613887e+12 | AM87: 1.1404897e+12 | AN87: 1.3442402e+12 | AO87: 1.4196459e+12 | AP87: 1.5609119e+12 | AQ87: 1.6536949e+12 | AR87: 1.6878304e+12 | AS87: 1.6655349e+12 | AT87: 1.6498273e+12 | AU87: 1.7857299e+12 | AV87: 2.0544229e+12 | AW87: 2.4215251e+12 | AX87: 2543180000000 | AY87: 2.7084416e+12 | AZ87: 3.0905102e+12 | BA87: 2.9294118e+12 | BB87: 2.41284e+12 | BC87: 2.4854826e+12 | BD87: 2.6638058e+12 | BE87: 2.7070897e+12 | BF87: 2.7848535e+12 | BG87: 3.0647082e+12 | BH87: 2.9279111e+12 | BI87: 2.6891066e+12 | BJ87: 2.6801481e+12 | BK87: 2.8713403e+12 | BL87: 2.8514072e+12 | BM87: 2.6967784e+12 | BN87: 3.1433231e+12 | BO87: 3.1140425e+12 | BP87: 3.3808545e+12 | BQ87: =BP87 -> 3.3808545e+12 | BR87: =IF(ISERROR(INDEX(GDP!$A:$A, MATCH($A87, GDP!$A:$A, 0 ) )), "No", "Yes") -> No
A88: Georgia | B88: GEO | C88: GDP (current US$) | D88: NY.GDP.MKTP.CD | AF88: 7.3219813e+09 | AG88: 8.8335882e+09 | AH88: 8.9026327e+09 | AI88: 7.7359273e+09 | AJ88: 6.3397351e+09 | AK88: 3.690329e+09 | AL88: 2.7011813e+09 | AM88: 2.5138706e+09 | AN88: 2.6937319e+09 | AO88: 3.0949352e+09 | AP88: 3.5105202e+09 | AQ88: 3.6134973e+09 | AR88: 2.8000259e+09 | AS88: 3.0574753e+09 | AT88: 3.2194623e+09 | AU88: 3.3957667e+09 | AV88: 3.9913779e+09 | AW88: 5.1253652e+09 | AX88: 6.410912e+09 | AY88: 7.7452507e+09 | AZ88: 1.0172931e+10 | BA88: 1.2795145e+10 | BB88: 1.076692e+10 | BC88: 1.2426908e+10 | BD88: 1.547529e+10 | BE88: 1.6894392e+10 | BF88: 1.751766e+10 | BG88: 1.7966015e+10 | BH88: 1.5223796e+10 | BI88: 1.5444549e+10 | BJ88: 1.6473125e+10 | BK88: 1.7902545e+10 | BL88: 1.7638337e+10 | BM88: 1.6010869e+10 | BN88: 1.8853116e+10 | BO88: 2.4984569e+10 | BP88: 3.0777834e+10 | BQ88: =BP88 -> 3.0777834e+10 | BR88: =IF(ISERROR(INDEX(GDP!$A:$A, MATCH($A88, GDP!$A:$A, 0 ) )), "No", "Yes") -> No
A89: Ghana | B89: GHA | C89: GDP (current US$) | D89: NY.GDP.MKTP.CD | E89: 1.2172301e+09 | F89: 1.3026743e+09 | G89: 1.3825157e+09 | H89: 1.5407976e+09 | I89: 1.7312962e+09 | J89: 2.053463e+09 | K89: 2.1263007e+09 | L89: 1.7471876e+09 | M89: 1.6669095e+09 | N89: 1.9620506e+09 | O89: 2.2150286e+09 | P89: 2.4171086e+09 | Q89: 2.1122933e+09 | R89: 3.0067668e+09 | S89: 2.8944099e+09 | T89: 2.8101064e+09 | U89: 2.7652542e+09 | V89: 3.1894286e+09 | W89: 3.6624782e+09 | X89: 4.0202279e+09 | Y89: 4.4452282e+09 | Z89: 4.2224419e+09 | AA89: 4.0359944e+09 | AB89: 4.0572751e+09 | AC89: 4.4122798e+09 | AD89: 4.5043067e+09 | AE89: 5.7356774e+09 | AF89: 5.0748299e+09 | AG89: 5.197765e+09 | AH89: 5.2518584e+09 | AI89: 5.8891066e+09 | AJ89: 6.6031853e+09 | AK89: 6.4161039e+09 | AL89: 5.9689229e+09 | AM89: 5.4463837e+09 | AN89: 6.4643828e+09 | AO89: 6.9329917e+09 | AP89: 6.8914432e+09 | AQ89: 7.4820692e+09 | AR89: 7.71811e+09 | AS89: 4.9828507e+09 | AT89: 5.3148729e+09 | AU89: 6.1661978e+09 | AV89: 7.6327236e+09 | AW89: 8.8814179e+09 | AX89: 1.0744568e+10 | AY89: 2.0885038e+10 | AZ89: 2.4827339e+10 | BA89: 2.8679383e+10 | BB89: 2.604872e+10 | BC89: 3.2197656e+10 | BD89: 3.9336668e+10 | BE89: 4.1271701e+10 | BF89: 6.2824629e+10 | BG89: 5.478332e+10 | BH89: 4.940601e+10 | BI89: 5.6164929e+10 | BJ89: 6.0405924e+10 | BK89: 6.7298915e+10 | BL89: 6.8337969e+10 | BM89: 7.00431e+10 | BN89: 7.9524422e+10 | BO89: 7.4263364e+10 | BP89: 7.6370397e+10 | BQ89: =BP89 -> 7.6370397e+10 | BR89: =IF(ISERROR(INDEX(GDP!$A:$A, MATCH($A89, GDP!$A:$A, 0 ) )), "No", "Yes") -> No
A90: Gibraltar | B90: GIB | C90: GDP (current US$) | D90: NY.GDP.MKTP.CD | BQ90: =BP90 -> 0 | BR90: =IF(ISERROR(INDEX(GDP!$A:$A, MATCH($A90, GDP!$A:$A, 0 ) )), "No", "Yes") -> No
A91: Guinea | B91: GIN | C91: GDP (current US$) | D91: NY.GDP.MKTP.CD | O91: 3.2202246e+09 | P91: 3.5943029e+09 | Q91: 4.203069e+09 | R91: 5.1520804e+09 | S91: 5.6914175e+09 | T91: 6.1027696e+09 | U91: 6.7627819e+09 | V91: 6.9143813e+09 | W91: 8.087306e+09 | X91: 8.8770945e+09 | Y91: 9.7465249e+09 | Z91: 9.6464407e+09 | AA91: 1.1926032e+10 | AB91: 1.5129894e+10 | AC91: 1.8421497e+10 | AD91: 2.2787645e+10 | AE91: 2.9091304e+09 | AF91: 2.976714e+09 | AG91: 3.4764803e+09 | AH91: 3.5460793e+09 | AI91: 3.8883207e+09 | AJ91: 4.3961787e+09 | AK91: 4.7892204e+09 | AL91: 4.7811661e+09 | AM91: 4.9328004e+09 | AN91: 5.3857042e+09 | AO91: 5.6412431e+09 | AP91: 5.5169162e+09 | AQ91: 5.232118e+09 | AR91: 5.0468068e+09 | AS91: 4.3674589e+09 | AT91: 4.1255276e+09 | AU91: 4.3016088e+09 | AV91: 5.025168e+09 | AW91: 5.300768e+09 | AX91: 4.2824686e+09 | AY91: 4.2200198e+09 | AZ91: 6.2819182e+09 | BA91: 6.96418e+09 | BB91: 6.7169053e+09 | BC91: 6.8534671e+09 | BD91: 6.7851372e+09 | BE91: 7.6380446e+09 | BF91: 8.3766135e+09 | BG91: 8.7784734e+09 | BH91: 8.7942017e+09 | BI91: 8.5959552e+09 | BJ91: 1.0324668e+10 | BK91: 1.185703e+10 | BL91: 1.3442861e+10 | BM91: 1.4088694e+10 | BN91: 1.7069116e+10 | BO91: 1.9910453e+10 | BP91: 2.219941e+10 | BQ91: =BP91 -> 2.219941e+10 | BR91: =IF(ISERROR(INDEX(GDP!$A:$A, MATCH($A91, GDP!$A:$A, 0 ) )), "No", "Yes") -> No
A92: Gambia, The | B92: GMB | C92: GDP (current US$) | D92: NY.GDP.MKTP.CD | K92: 44212081 | L92: 46695007 | M92: 41160066 | N92: 45168072 | O92: 52296084 | P92: 55728663 | Q92: 59160569 | R92: 75187749 | S92: 95796022 | T92: 1.1517972e+08 | U92: 1.1219083e+08 | V92: 1.380931e+08 | W92: 1.7183309e+08 | X92: 2.0711263e+08 | Y92: 2.4108309e+08 | Z92: 2.1876774e+08 | AA92: 2.1605055e+08 | AB92: 2.1344858e+08 | AC92: 1.7734088e+08 | AD92: 2.2572636e+08 | AE92: 1.8564699e+08 | AF92: 2.2062648e+08 | AG92: 2.6667221e+08 | AH92: 2.8412033e+08 | AI92: 3.170837e+08 | AJ92: 6.9031108e+08 | AK92: 7.1425426e+08 | AL92: 7.5504097e+08 | AM92: 7.4649395e+08 | AN92: 7.8599986e+08 | AO92: 8.4823945e+08 | AP92: 8.0363334e+08 | AQ92: 8.4028526e+08 | AR92: 8.1472403e+08 | AS92: 7.8291387e+08 | AT92: 6.8741065e+08 | AU92: 5.7823531e+08 | AV92: 4.8703869e+08 | AW92: 9.6190065e+08 | AX92: 1.0277011e+09 | AY92: 1.0541125e+09 | AZ92: 1.279703e+09 | BA92: 1.561767e+09 | BB92: 1.4501425e+09 | BC92: 1.5432949e+09 | BD92: 1.4096936e+09 | BE92: 1.4150047e+09 | BF92: 1.3756095e+09 | BG92: 1.2294617e+09 | BH92: 1.3781766e+09 | BI92: 1.4845789e+09 | BJ92: 1.5049095e+09 | BK92: 1.6706713e+09 | BL92: 1.8136097e+09 | BM92: 1.8121709e+09 | BN92: 2.0141588e+09 | BO92: 2.2047345e+09 | BP92: 2.396111e+09 | BQ92: =BP92 -> 2.396111e+09 | BR92: =IF(ISERROR(INDEX(GDP!$A:$A, MATCH($A92, GDP!$A:$A, 0 ) )), "No", "Yes") -> No
A93: Guinea-Bissau | B93: GNB | C93: GDP (current US$) | D93: NY.GDP.MKTP.CD | O93: 2.0467055e+08 | P93: 2.041673e+08 | Q93: 2.279862e+08 | R93: 2.3233128e+08 | S93: 2.5676973e+08 | T93: 2.83312e+08 | U93: 2.9215232e+08 | V93: 2.9887167e+08 | W93: 3.1887655e+08 | X93: 3.0814318e+08 | Y93: 2.8764826e+08 | Z93: 4.0223087e+08 | AA93: 4.3028402e+08 | AB93: 4.2522518e+08 | AC93: 3.5998049e+08 | AD93: 3.7395915e+08 | AE93: 3.3852423e+08 | AF93: 4.5189337e+08 | AG93: 4.2751432e+08 | AH93: 5.540723e+08 | AI93: 6.3418727e+08 | AJ93: 6.6847089e+08 | AK93: 5.8830927e+08 | AL93: 6.1577952e+08 | AM93: 6.1250208e+08 | AN93: 6.601954e+08 | AO93: 7.0296515e+08 | AP93: 6.9810722e+08 | AQ93: 5.9103414e+08 | AR93: 5.7936578e+08 | AS93: 3.913456e+08 | AT93: 4.1261087e+08 | AU93: 4.6677371e+08 | AV93: 5.536148e+08 | AW93: 5.8216984e+08 | AX93: 6.3977604e+08 | AY93: 6.347819e+08 | AZ93: 7.53163e+08 | BA93: 9.5266754e+08 | BB93: 8.9016783e+08 | BC93: 9.4011254e+08 | BD93: 1.1570743e+09 | BE93: 1.0494122e+09 | BF93: 1.1096828e+09 | BG93: 1.1352507e+09 | BH93: 1.1523842e+09 | BI93: 1.2450743e+09 | BJ93: 1.4699786e+09 | BK93: 1.5541336e+09 | BL93: 1.5886389e+09 | BM93: 1.6464003e+09 | BN93: 1.8537965e+09 | BO93: 1.7966085e+09 | BP93: 2.0483481e+09 | BQ93: =BP93 -> 2.0483481e+09 | BR93: =IF(ISERROR(INDEX(GDP!$A:$A, MATCH($A93, GDP!$A:$A, 0 ) )), "No", "Yes") -> No
A94: Equatorial Guinea | B94: GNQ | C94: GDP (current US$) | D94: NY.GDP.MKTP.CD | G94: 37253333 | H94: 44266667 | I94: 51915000 | J94: 64748333 | K94: 69110000 | L94: 72317447 | M94: 67514286 | N94: 67225714 | O94: 66331429 | P94: 64946955 | Q94: 65429198 | R94: 81203227 | S94: 94159863 | T94: 1.0429564e+08 | U94: 1.0365305e+08 | V94: 1.0398752e+08 | Y94: 50642881 | Z94: 36731423 | AA94: 44294648 | AB94: 44442457 | AC94: 50320914 | AD94: 62118570 | AE94: 76407396 | AF94: 93345860 | AG94: 1.0053466e+08 | AH94: 88265975 | AI94: 1.1211941e+08 | AJ94: 1.1090603e+08 | AK94: 1.3470718e+08 | AL94: 1.3604791e+08 | AM94: 1.00807e+08 | AN94: 1.4185336e+08 | AO94: 2.3246302e+08 | AP94: 4.4233787e+08 | AQ94: 3.7068763e+08 | AR94: 6.2111789e+08 | AS94: 1.0459985e+09 | AT94: 1.461139e+09 | AU94: 1.8067427e+09 | AV94: 2.4847459e+09 | AW94: 4.4107643e+09 | AX94: 8.2173691e+09 | AY94: 1.0086529e+10 | AZ94: 1.3071719e+10 | BA94: 1.9749894e+10 | BB94: 1.5027795e+10 | BC94: 1.6314443e+10 | BD94: 2.1357344e+10 | BE94: 2.2388344e+10 | BF94: 2.1948834e+10 | BG94: 2.1765453e+10 | BH94: 1.3185497e+10 | BI94: 1.1240809e+10 | BJ94: 1.2200914e+10 | BK94: 1.3097012e+10 | BL94: 1.1364134e+10 | BM94: 9.893816e+09 | BN94: 1.2215878e+10 | BO94: 1.3687643e+10 | BP94: 1.2337551e+10 | BQ94: =BP94 -> 1.2337551e+10 | BR94: =IF(ISERROR(INDEX(GDP!$A:$A, MATCH($A94, GDP!$A:$A, 0 ) )), "No", "Yes") -> No
A95: Greece | B95: GRC | C95: GDP (current US$) | D95: NY.GDP.MKTP.CD | E95: 4.2748903e+09 | F95: 4.8923974e+09 | G95: 5.1405429e+09 | H95: 5.8132856e+09 | I95: 6.5769063e+09 | J95: 7.5822097e+09 | K95: 8.4720215e+09 | L95: 9.1465929e+09 | M95: 9.9503312e+09 | N95: 1.1454106e+10 | O95: 1.2957114e+10 | P95: 1.4388807e+10 | Q95: 1.6650659e+10 | R95: 2.203702e+10 | S95: 2.4998716e+10 | T95: 2.8129129e+10 | U95: 3.0719552e+10 | V95: 3.567308e+10 | W95: 4.3654481e+10 | X95: 5.3724121e+10 | Y95: 5.6039257e+10 | Z95: 5.1618456e+10 | AA95: 5.3858347e+10 | AB95: 4.8741397e+10 | AC95: 4.7352146e+10 | AD95: 4.7155741e+10 | AE95: 5.5595445e+10 | AF95: 6.473963e+10 | AG95: 7.520061e+10 | AH95: 7.8067933e+10 | AI95: 9.6529587e+10 | AJ95: 1.0368086e+11 | AK95: 1.1460818e+11 | AL95: 1.072957e+11 | AM95: 1.1498006e+11 | AN95: 1.3497461e+11 | AO95: 1.4250298e+11 | AP95: 1.3876607e+11 | AQ95: 1.3961281e+11 | AR95: 1.3713137e+11 | AS95: 1.2576017e+11 | AT95: 1.3205047e+11 | AU95: 1.502538e+11 | AV95: 1.9693051e+11 | AW95: 2.3497962e+11 | AX95: 2.4231567e+11 | AY95: 2.6907342e+11 | AZ95: 3.14227e+11 | BA95: 3.511214e+11 | BB95: 3.2682905e+11 | BC95: 2.9641764e+11 | BD95: 2.8322808e+11 | BE95: 2.3884114e+11 | BF95: 2.3655628e+11 | BG95: 2.3391158e+11 | BH95: 1.9456737e+11 | BI95: 1.9309724e+11 | BJ95: 2.003811e+11 | BK95: 2.1329887e+11 | BL95: 2.0730565e+11 | BM95: 1.9136299e+11 | BN95: 2.183038e+11 | BO95: 2.1888057e+11 | BP95: 2.4349833e+11 | BQ95: =BP95 -> 2.4349833e+11 | BR95: =IF(ISERROR(INDEX(GDP!$A:$A, MATCH($A95, GDP!$A:$A, 0 ) )), "No", "Yes") -> No
A96: Grenada | B96: GRD | C96: GDP (current US$) | D96: NY.GDP.MKTP.CD | V96: 71494495 | W96: 88322386 | X96: 1.0224436e+08 | Y96: 1.1090046e+08 | Z96: 1.1565192e+08 | AA96: 125435590 | AB96: 1.3180355e+08 | AC96: 1.4553331e+08 | AD96: 1.6772846e+08 | AE96: 1.8758952e+08 | AF96: 2.1500957e+08 | AG96: 2.3635752e+08 | AH96: 2.6732764e+08 | AI96: 2.7809876e+08 | AJ96: 3.0075789e+08 | AK96: 3.1016044e+08 | AL96: 3.0981219e+08 | AM96: 3.2511181e+08 | AN96: 3.4217252e+08 | AO96: 3.6691144e+08 | AP96: 3.9219059e+08 | AQ96: 4.4590359e+08 | AR96: 4.8200937e+08 | AS96: 5.2004437e+08 | AT96: 5.2044419e+08 | AU96: 5.4033693e+08 | AV96: 5.9101841e+08 | AW96: 5.9911859e+08 | AX96: 6.9555556e+08 | AY96: 6.9870067e+08 | AZ96: 7.5868359e+08 | BA96: 8.2597604e+08 | BB96: 7.7127556e+08 | BC96: 7.7101481e+08 | BD96: 7.7865556e+08 | BE96: 7.9988148e+08 | BF96: 8.4261852e+08 | BG96: 9.114963e+08 | BH96: 9.9700741e+08 | BI96: 1.0616407e+09 | BJ96: 1.1256852e+09 | BK96: 1.1665148e+09 | BL96: 1.2134852e+09 | BM96: 1.0434111e+09 | BN96: 1122800000 | BO96: 1.2245778e+09 | BP96: 1.3167333e+09 | BQ96: =BP96 -> 1.3167333e+09 | BR96: =IF(ISERROR(INDEX(GDP!$A:$A, MATCH($A96, GDP!$A:$A, 0 ) )), "No", "Yes") -> No
A97: Greenland | B97: GRL | C97: GDP (current US$) | D97: NY.GDP.MKTP.CD | O97: 69520027 | P97: 88466738 | Q97: 1.061013e+08 | R97: 1.4015375e+08 | S97: 1.6991895e+08 | T97: 2.1119063e+08 | U97: 2.4077942e+08 | V97: 2.8226975e+08 | W97: 3.5598743e+08 | X97: 4.2064582e+08 | Y97: 4.7605174e+08 | Z97: 4.3574899e+08 | AA97: 4.0240304e+08 | AB97: 4.1618407e+08 | AC97: 3.793719e+08 | AD97: 4.1287638e+08 | AE97: 6.0301629e+08 | AF97: 7.8739041e+08 | AG97: 8.9860767e+08 | AH97: 9.297999e+08 | AI97: 1.0189773e+09 | AJ97: 1.0165001e+09 | AK97: 1.0379162e+09 | AL97: 9.2721415e+08 | AM97: 1.0058875e+09 | AN97: 1.2089533e+09 | AO97: 1.1975156e+09 | AP97: 1.0721544e+09 | AQ97: 1.1498581e+09 | AR97: 1.1315551e+09 | AS97: 1.068025e+09 | AT97: 1.0861707e+09 | AU97: 1.1691367e+09 | AV97: 1.5587598e+09 | AW97: 1.8224998e+09 | AX97: 1.8498026e+09 | AY97: 2.0131069e+09 | AZ97: 2.2498113e+09 | BA97: 2.4990923e+09 | BB97: 2.5299639e+09 | BC97: 2.5031672e+09 | BD97: 2.6844614e+09 | BE97: 2.6096785e+09 | BF97: 2.684947e+09 | BG97: 2.8420657e+09 | BH97: 2.499113e+09 | BI97: 2.7071395e+09 | BJ97: 2.8516137e+09 | BK97: 3.0557821e+09 | BL97: 2.99731e+09 | BM97: 3.0828847e+09 | BN97: 3.2358095e+09 | BQ97: =BP97 -> 0 | BR97: =IF(ISERROR(INDEX(GDP!$A:$A, MATCH($A97, GDP!$A:$A, 0 ) )), "No", "Yes") -> No
A98: Guatemala | B98: GTM | C98: GDP (current US$) | D98: NY.GDP.MKTP.CD | E98: 1043599900 | F98: 1076699900 | G98: 1143600000 | H98: 1262800000 | I98: 1299099900 | J98: 1331399900 | K98: 1390700000 | L98: 1453500000 | M98: 1610500000 | N98: 1715399900 | O98: 1904000000 | P98: 1984800000 | Q98: 2101300000 | R98: 2569200100 | S98: 3161499900 | T98: 3645900000 | U98: 4365300200 | V98: 5480500200 | W98: 6070600200 | X98: 6902600200 | Y98: 7878700000 | Z98: 8607500300 | AA98: 8716999700 | AB98: 9050000400 | AC98: 9470000100 | AD98: 9.7216521e+09 | AE98: 7.2319635e+09 | AF98: 7084399840 | AG98: 7.8416028e+09 | AH98: 8.4107244e+09 | AI98: 7.6501968e+09 | AJ98: 9.4061351e+09 | AK98: 1.0440782e+10 | AL98: 1.1400017e+10 | AM98: 1.2983233e+10 | AN98: 1.4655404e+10 | AO98: 1.5674836e+10 | AP98: 1.7790026e+10 | AQ98: 1.9395492e+10 | AR98: 1.8318412e+10 | AS98: 1.9288929e+10 | AT98: 1.840522e+10 | AU98: 2.0444206e+10 | AV98: 2.1576352e+10 | AW98: 2.3577298e+10 | AX98: 2.6783389e+10 | AY98: 2.9744247e+10 | AZ98: 3.3567851e+10 | BA98: 3.850372e+10 | BB98: 3.7126148e+10 | BC98: 4.0676578e+10 | BD98: 4.6876006e+10 | BE98: 4.9593929e+10 | BF98: 5.2996446e+10 | BG98: 5.7852153e+10 | BH98: 6.2186065e+10 | BI98: 6.6053403e+10 | BJ98: 7.1653754e+10 | BK98: 7.3328366e+10 | BL98: 7.7172317e+10 | BM98: 7.7719464e+10 | BN98: 8.6478836e+10 | BO98: 9.5630525e+10 | BP98: 1.0445021e+11 | BQ98: =BP98 -> 1.0445021e+11 | BR98: =IF(ISERROR(INDEX(GDP!$A:$A, MATCH($A98, GDP!$A:$A, 0 ) )), "No", "Yes") -> Yes
A99: Guam | B99: GUM | C99: GDP (current US$) | D99: NY.GDP.MKTP.CD | AU99: 3394000000 | AV99: 3569000000 | AW99: 3869000000 | AX99: 4213000000 | AY99: 4238000000 | AZ99: 4397000000 | BA99: 4658000000 | BB99: 4828000000 | BC99: 4949000000 | BD99: 4984000000 | BE99: 5265000000 | BF99: 5399000000 | BG99: 5610000000 | BH99: 5799000000 | BI99: 5901000000 | BJ99: 6013000000 | BK99: 6051000000 | BL99: 6355000000 | BM99: 5916000000 | BN99: 6234000000 | BO99: 6910000000 | BQ99: =BP99 -> 0 | BR99: =IF(ISERROR(INDEX(GDP!$A:$A, MATCH($A99, GDP!$A:$A, 0 ) )), "No", "Yes") -> No
A100: Guyana | B100: GUY | C100: GDP (current US$) | D100: NY.GDP.MKTP.CD | E100: 1.7021624e+08 | F100: 1.8584954e+08 | G100: 1.9494951e+08 | H100: 1.7575789e+08 | I100: 1.9477451e+08 | J100: 2.1323529e+08 | K100: 2.2870588e+08 | L100: 2.5017647e+08 | M100: 229750000 | N100: 249300000 | O100: 267800000 | P100: 282050000 | Q100: 2.8538095e+08 | R100: 3.0704762e+08 | S100: 4.3395455e+08 | T100: 4.9479167e+08 | U100: 454440000 | V100: 449880000 | W100: 507080000 | X100: 530440000 | Y100: 603200000 | Z100: 5.7035711e+08 | AA100: 482000000 | AB100: 4.8933333e+08 | AC100: 4.3763161e+08 | AD100: 4.5348837e+08 | AE100: 5.0465114e+08 | AF100: 3.5459185e+08 | AG100: 413799990 | AH100: 3.7977939e+08 | AI100: 3.9658226e+08 | AJ100: 3.4853309e+08 | AK100: 3.7357314e+08 | AL100: 4.5410138e+08 | AM100: 5.4087493e+08 | AN100: 6.2162679e+08 | AO100: 7.05406e+08 | AP100: 7.4913801e+08 | AQ100: 7.1753068e+08 | AR100: 6.9475499e+08 | AS100: 7.126679e+08 | AT100: 7.1216745e+08 | AU100: 7.2613143e+08 | AV100: 7.4306395e+08 | AW100: 7.8781438e+08 | AX100: 8.2488055e+08 | AY100: 2.379818e+09 | AZ100: 2.7309716e+09 | BA100: 3.0251874e+09 | BB100: 3.1656632e+09 | BC100: 3.4329125e+09 | BD100: 3.6913843e+09 | BE100: 4.0630885e+09 | BF100: 4.1678009e+09 | BG100: 4.1276602e+09 | BH100: 4.2798402e+09 | BI100: 4.4826973e+09 | BJ100: 4.7481743e+09 | BK100: 4.787637e+09 | BL100: 5.1737602e+09 | BM100: 5.4712566e+09 | BN100: 8.0413639e+09 | BO100: 1.4718387e+10 | BP100: 1.715951e+10 | BQ100: =BP100 -> 1.715951e+10 | BR100: =IF(ISERROR(INDEX(GDP!$A:$A, MATCH($A100, GDP!$A:$A, 0 ) )), "No", "Yes") -> No
A101: High income | B101: HIC | C101: GDP (current US$) | D101: NY.GDP.MKTP.CD | E101: 1.0925515e+12 | F101: 1.1651971e+12 | G101: 1.260148e+12 | H101: 1.3555007e+12 | I101: 1.4815171e+12 | J101: 1.6103266e+12 | K101: 1.7621476e+12 | L101: 1.8825191e+12 | M101: 2.0420233e+12 | N101: 2.2507627e+12 | O101: 2.470678e+12 | P101: 2.7449116e+12 | Q101: 3.1887094e+12 | R101: 3.8685235e+12 | S101: 4.3753015e+12 | T101: 4.8809224e+12 | U101: 5.3162459e+12 | V101: 6.0181257e+12 | W101: 7.2241586e+12 | X101: 8.3497151e+12 | Y101: 9.321371e+12 | Z101: 9.4647323e+12 | AA101: 9.3712509e+12 | AB101: 9.6805857e+12 | AC101: 1.0092125e+13 | AD101: 1.0589791e+13 | AE101: 1.2862966e+13 | AF101: 1.4913608e+13 | AG101: 1.6785141e+13 | AH101: 1.7480887e+13 | AI101: 19577060915733 | AJ101: 2.066137e+13 | AK101: 2.2121982e+13 | AL101: 2.2275469e+13 | AM101: 2.3825288e+13 | AN101: 2.6437211e+13 | AO101: 2.6649646e+13 | AP101: 2.6214403e+13 | AQ101: 2.617739e+13 | AR101: 2.7417628e+13 | AS101: 28051786134447 | AT101: 2.7827868e+13 | AU101: 2.9042555e+13 | AV101: 32602867208416 | AW101: 3.642152e+13 | AX101: 3.8673189e+13 | AY101: 41048111676491 | AZ101: 4.5167416e+13 | BA101: 4.8417866e+13 | BB101: 4.5032421e+13 | BC101: 4.7429076e+13 | BD101: 5.1637657e+13 | BE101: 5.1803548e+13 | BF101: 52545701699151 | BG101: 5.3424933e+13 | BH101: 49875503824325 | BI101: 5.0840865e+13 | BJ101: 5.3443174e+13 | BK101: 5.6793958e+13 | BL101: 57351008372783 | BM101: 55946257620087 | BN101: 62737887026890 | BO101: 6.4961263e+13 | BP101: 6.8276493e+13 | BQ101: =BP101 -> 6.8276493e+13 | BR101: =IF(ISERROR(INDEX(GDP!$A:$A, MATCH($A101, GDP!$A:$A, 0 ) )), "No", "Yes") -> No
A102: Hong Kong SAR, China | B102: HKG | C102: GDP (current US$) | D102: NY.GDP.MKTP.CD | E102: 1.3207967e+09 | F102: 1.3836817e+09 | G102: 1.6123464e+09 | H102: 1.9352983e+09 | I102: 2.2064665e+09 | J102: 2.4350785e+09 | K102: 2.489845e+09 | L102: 2.692475e+09 | M102: 2.7169644e+09 | N102: 3.1897401e+09 | O102: 3.8007665e+09 | P102: 4.4760019e+09 | Q102: 5.7100902e+09 | R102: 8.0301176e+09 | S102: 9.3886954e+09 | T102: 1.004809e+10 | U102: 1.2876366e+10 | V102: 1.5719434e+10 | W102: 1.8315136e+10 | X102: 2.2526185e+10 | Y102: 2.8861858e+10 | Z102: 3.1055226e+10 | AA102: 3.2291216e+10 | AB102: 2.9907227e+10 | AC102: 3.3511384e+10 | AD102: 3.5699772e+10 | AE102: 4.1075397e+10 | AF102: 5.0622896e+10 | AG102: 5.9707405e+10 | AH102: 6.8790219e+10 | AI102: 7.6928785e+10 | AJ102: 8.8959998e+10 | AK102: 1.0427251e+11 | AL102: 120354212475 | AM102: 1.3581177e+11 | AN102: 1.446523e+11 | AO102: 1.5971818e+11 | AP102: 1.7735317e+11 | AQ102: 1.6888544e+11 | AR102: 1.657681e+11 | AS102: 1.7166889e+11 | AT102: 1.6940433e+11 | AU102: 1.6634887e+11 | AV102: 1.6138556e+11 | AW102: 1.6909977e+11 | AX102: 1.8156931e+11 | AY102: 1.9353544e+11 | AZ102: 2.1159694e+11 | BA102: 2.1927875e+11 | BB102: 2.140478e+11 | BC102: 2.2863867e+11 | BD102: 2.4851362e+11 | BE102: 2.6262887e+11 | BF102: 2.7569688e+11 | BG102: 2.9146e+11 | BH102: 3.0938562e+11 | BI102: 3.2086032e+11 | BJ102: 3.4127329e+11 | BK102: 3.6173107e+11 | BL102: 3.6307455e+11 | BM102: 3.4494315e+11 | BN102: 3.6895417e+11 | BO102: 3.5868107e+11 | BP102: 3.8081223e+11 | BQ102: =BP102 -> 3.8081223e+11 | BR102: =IF(ISERROR(INDEX(GDP!$A:$A, MATCH($A102, GDP!$A:$A, 0 ) )), "No", "Yes") -> No
...
